filename,New_filename,width,height,class,widthScaled,heightScaled,xmin,ymin,xmax,ymax,id,xmin_scaled,ymin_scaled,xmax_scaled,ymax_scaled,xmin_new,ymin_new,xmax_new,ymax_new,xmin_new_scaled,ymin_new_scaled,xmax_new_scaled,ymax_new_scaled
s55.jpg,s55_reSized.jpg,2500,1500,car,150,90,1005,932,1339,1212,3,0.402,0.6213333333333333,0.5356,0.8079999999999999,60,55,80,72,0.4,0.6111111111111112,0.5333333333333333,0.8
s55.jpg,s55_reSized.jpg,2500,1500,truck,150,90,1418,802,1714,1115,8,0.5672,0.5346666666666666,0.6856,0.7433333333333333,85,48,102,66,0.5666666666666667,0.5333333333333333,0.68,0.7333333333333333
s32.jpg,s32_reSized.jpg,800,445,car,150,83,410,187,436,211,3,0.5125,0.4202247191011236,0.545,0.4741573033707866,76,34,81,39,0.5066666666666667,0.40963855421686746,0.54,0.46987951807228917
s38.jpg,s38_reSized.jpg,608,342,car,150,84,76,218,209,300,3,0.125,0.6374269005847953,0.34375,0.8771929824561403,18,53,51,73,0.12,0.6309523809523809,0.34,0.8690476190476191
s38.jpg,s38_reSized.jpg,608,342,car,150,84,309,228,350,267,3,0.5082236842105263,0.6666666666666666,0.5756578947368421,0.7807017543859649,76,56,86,65,0.5066666666666667,0.6666666666666666,0.5733333333333334,0.7738095238095238
s38.jpg,s38_reSized.jpg,608,342,car,150,84,388,213,521,299,3,0.6381578947368421,0.6228070175438597,0.8569078947368421,0.8742690058479532,95,52,128,73,0.6333333333333333,0.6190476190476191,0.8533333333333334,0.8690476190476191
s38.jpg,s38_reSized.jpg,608,342,car,150,84,198,229,250,271,3,0.3256578947368421,0.6695906432748538,0.41118421052631576,0.7923976608187134,48,56,61,66,0.32,0.6666666666666666,0.4066666666666667,0.7857142857142857
s38.jpg,s38_reSized.jpg,608,342,traffic light,150,84,480,28,517,83,10,0.7894736842105263,0.08187134502923976,0.8503289473684209,0.2426900584795321,118,6,127,20,0.7866666666666666,0.07142857142857142,0.8466666666666667,0.23809523809523808
s2.jpg,s2_reSized.jpg,800,531,car,150,99,316,262,509,432,3,0.395,0.4934086629001883,0.63625,0.8135593220338984,59,48,95,80,0.3933333333333333,0.48484848484848486,0.6333333333333333,0.8080808080808081
s50.jpg,s50_reSized.jpg,625,352,car,150,84,136,113,604,351,3,0.2176,0.3210227272727273,0.9664,0.9971590909090908,32,26,144,83,0.21333333333333335,0.30952380952380953,0.96,0.9880952380952381
s50.jpg,s50_reSized.jpg,625,352,car,150,84,59,139,133,202,3,0.0944,0.3948863636363637,0.2128,0.5738636363636364,14,33,31,48,0.09333333333333334,0.39285714285714285,0.20666666666666667,0.5714285714285714
05640976-d1ce109099.jpg,05640976-d1ce109099_reSized.jpg,1280,720,car,150,84,1,284,248,476,3,0.00078125,0.3944444444444444,0.19375,0.6611111111111111,0,33,29,55,0.0,0.39285714285714285,0.19333333333333333,0.6547619047619048
05640976-d1ce109099.jpg,05640976-d1ce109099_reSized.jpg,1280,720,car,150,84,165,272,352,401,3,0.12890625,0.37777777777777777,0.275,0.5569444444444445,19,31,41,46,0.12666666666666668,0.36904761904761907,0.2733333333333333,0.5476190476190477
05640976-d1ce109099.jpg,05640976-d1ce109099_reSized.jpg,1280,720,car,150,84,314,269,420,368,3,0.2453125,0.3736111111111111,0.328125,0.5111111111111111,36,31,49,42,0.24,0.36904761904761907,0.32666666666666666,0.5
05640976-d1ce109099.jpg,05640976-d1ce109099_reSized.jpg,1280,720,car,150,84,475,292,567,368,3,0.37109375,0.4055555555555556,0.44296875,0.5111111111111111,55,34,66,42,0.36666666666666664,0.40476190476190477,0.44,0.5
05640976-d1ce109099.jpg,05640976-d1ce109099_reSized.jpg,1280,720,car,150,84,779,245,1123,458,3,0.60859375,0.3402777777777778,0.87734375,0.6361111111111111,91,28,131,53,0.6066666666666667,0.3333333333333333,0.8733333333333333,0.6309523809523809
05640976-d1ce109099.jpg,05640976-d1ce109099_reSized.jpg,1280,720,car,150,84,690,261,853,395,3,0.5390625,0.3625,0.66640625,0.5486111111111112,80,30,99,46,0.5333333333333333,0.35714285714285715,0.66,0.5476190476190477
05640976-d1ce109099.jpg,05640976-d1ce109099_reSized.jpg,1280,720,traffic light,150,84,449,220,472,258,10,0.35078125,0.3055555555555556,0.36875,0.3583333333333333,52,25,55,30,0.3466666666666667,0.2976190476190476,0.36666666666666664,0.35714285714285715
076399f2-4c68835b.jpg,076399f2-4c68835b_reSized.jpg,1280,720,car,150,84,643,334,811,480,3,0.50234375,0.4638888888888889,0.63359375,0.6666666666666666,75,38,95,56,0.5,0.4523809523809524,0.6333333333333333,0.6666666666666666
076399f2-4c68835b.jpg,076399f2-4c68835b_reSized.jpg,1280,720,car,150,84,477,346,567,425,3,0.37265625,0.4805555555555556,0.44296875,0.5902777777777778,55,40,66,49,0.36666666666666664,0.47619047619047616,0.44,0.5833333333333334
076399f2-4c68835b.jpg,076399f2-4c68835b_reSized.jpg,1280,720,person,150,84,1190,281,1274,536,1,0.9296875,0.3902777777777778,0.9953125,0.7444444444444445,139,32,149,62,0.9266666666666666,0.38095238095238093,0.9933333333333333,0.7380952380952381
076399f2-4c68835b.jpg,076399f2-4c68835b_reSized.jpg,1280,720,person,150,84,911,339,941,425,1,0.71171875,0.4708333333333333,0.73515625,0.5902777777777778,106,39,110,49,0.7066666666666667,0.4642857142857143,0.7333333333333333,0.5833333333333334
076399f2-4c68835b.jpg,076399f2-4c68835b_reSized.jpg,1280,720,person,150,84,950,340,979,420,1,0.7421875,0.4722222222222222,0.76484375,0.5833333333333334,111,39,114,49,0.74,0.4642857142857143,0.76,0.5833333333333334
076399f2-4c68835b.jpg,076399f2-4c68835b_reSized.jpg,1280,720,person,150,84,972,328,1007,424,1,0.759375,0.4555555555555556,0.78671875,0.5888888888888889,113,38,118,49,0.7533333333333333,0.4523809523809524,0.7866666666666666,0.5833333333333334
076399f2-4c68835b.jpg,076399f2-4c68835b_reSized.jpg,1280,720,car,150,84,556,354,612,405,3,0.434375,0.4916666666666666,0.478125,0.5625,65,41,71,47,0.43333333333333335,0.4880952380952381,0.47333333333333333,0.5595238095238095
s24.jpg,s24_reSized.jpg,1280,720,truck,150,84,591,235,834,585,8,0.46171875,0.3263888888888889,0.6515625,0.8125,69,27,97,68,0.46,0.32142857142857145,0.6466666666666666,0.8095238095238095
s24.jpg,s24_reSized.jpg,1280,720,person,150,84,820,488,873,595,1,0.640625,0.6777777777777778,0.68203125,0.8263888888888888,96,56,102,69,0.64,0.6666666666666666,0.68,0.8214285714285714
s24.jpg,s24_reSized.jpg,1280,720,truck,150,84,169,411,262,454,8,0.13203125,0.5708333333333333,0.2046875,0.6305555555555555,19,47,30,52,0.12666666666666668,0.5595238095238095,0.2,0.6190476190476191
0672c229-561d73fa.jpg,0672c229-561d73fa_reSized.jpg,1280,720,car,150,84,73,304,335,451,3,0.05703125,0.4222222222222222,0.26171875,0.6263888888888889,8,35,39,52,0.05333333333333334,0.4166666666666667,0.26,0.6190476190476191
0672c229-561d73fa.jpg,0672c229-561d73fa_reSized.jpg,1280,720,car,150,84,284,302,375,371,3,0.221875,0.4194444444444445,0.29296875,0.5152777777777777,33,35,43,43,0.22,0.4166666666666667,0.2866666666666667,0.5119047619047619
0672c229-561d73fa.jpg,0672c229-561d73fa_reSized.jpg,1280,720,car,150,84,483,304,540,348,3,0.37734375,0.4222222222222222,0.421875,0.4833333333333333,56,35,63,40,0.37333333333333335,0.4166666666666667,0.42,0.47619047619047616
0672c229-561d73fa.jpg,0672c229-561d73fa_reSized.jpg,1280,720,car,150,84,408,306,456,343,3,0.31875,0.425,0.35625,0.4763888888888889,47,35,53,40,0.31333333333333335,0.4166666666666667,0.35333333333333333,0.47619047619047616
0672c229-561d73fa.jpg,0672c229-561d73fa_reSized.jpg,1280,720,person,150,84,1146,261,1193,398,1,0.8953125,0.3625,0.93203125,0.5527777777777778,134,30,139,46,0.8933333333333333,0.35714285714285715,0.9266666666666666,0.5476190476190477
0672c229-561d73fa.jpg,0672c229-561d73fa_reSized.jpg,1280,720,person,150,84,786,282,817,334,1,0.6140625,0.39166666666666666,0.63828125,0.4638888888888889,92,32,95,38,0.6133333333333333,0.38095238095238093,0.6333333333333333,0.4523809523809524
0672c229-561d73fa.jpg,0672c229-561d73fa_reSized.jpg,1280,720,car,150,84,882,272,1109,356,3,0.6890625,0.37777777777777777,0.86640625,0.4944444444444445,103,31,129,41,0.6866666666666666,0.36904761904761907,0.86,0.4880952380952381
059ec458-3b7e13f2.jpg,059ec458-3b7e13f2_reSized.jpg,1280,720,car,150,84,737,441,973,572,3,0.57578125,0.6125,0.76015625,0.7944444444444444,86,51,114,66,0.5733333333333334,0.6071428571428571,0.76,0.7857142857142857
059ec458-3b7e13f2.jpg,059ec458-3b7e13f2_reSized.jpg,1280,720,car,150,84,970,309,1280,560,3,0.7578125,0.42916666666666653,1.0,0.7777777777777778,113,36,150,65,0.7533333333333333,0.42857142857142855,1.0,0.7738095238095238
059ec458-3b7e13f2.jpg,059ec458-3b7e13f2_reSized.jpg,1280,720,car,150,84,153,444,237,508,3,0.11953125,0.6166666666666667,0.18515625,0.7055555555555556,17,51,27,59,0.11333333333333333,0.6071428571428571,0.18,0.7023809523809523
059ec458-3b7e13f2.jpg,059ec458-3b7e13f2_reSized.jpg,1280,720,car,150,84,656,448,794,539,3,0.5125,0.6222222222222222,0.6203125,0.7486111111111111,76,52,93,62,0.5066666666666667,0.6190476190476191,0.62,0.7380952380952381
059ec458-3b7e13f2.jpg,059ec458-3b7e13f2_reSized.jpg,1280,720,truck,150,84,565,395,708,525,8,0.44140625,0.5486111111111112,0.553125,0.7291666666666666,66,46,82,61,0.44,0.5476190476190477,0.5466666666666666,0.7261904761904762
059ec458-3b7e13f2.jpg,059ec458-3b7e13f2_reSized.jpg,1280,720,person,150,84,261,451,292,502,1,0.20390625,0.6263888888888889,0.228125,0.6972222222222222,30,52,34,58,0.2,0.6190476190476191,0.22666666666666666,0.6904761904761905
059ec458-3b7e13f2.jpg,059ec458-3b7e13f2_reSized.jpg,1280,720,traffic light,150,84,389,426,407,444,10,0.30390625,0.5916666666666667,0.31796875,0.6166666666666667,45,49,47,51,0.3,0.5833333333333334,0.31333333333333335,0.6071428571428571
01eaedc9-a79a93e00.jpg,01eaedc9-a79a93e00_reSized.jpg,1280,720,car,150,84,463,284,703,507,3,0.36171875,0.3944444444444444,0.54921875,0.7041666666666667,54,33,82,59,0.36,0.39285714285714285,0.5466666666666666,0.7023809523809523
01eaedc9-a79a93e00.jpg,01eaedc9-a79a93e00_reSized.jpg,1280,720,person,150,84,713,272,848,519,1,0.55703125,0.37777777777777777,0.6625,0.7208333333333333,83,31,99,60,0.5533333333333333,0.36904761904761907,0.66,0.7142857142857143
01eaedc9-a79a93e00.jpg,01eaedc9-a79a93e00_reSized.jpg,1280,720,motorcycle,150,84,716,383,862,579,4,0.559375,0.5319444444444444,0.6734375,0.8041666666666667,83,44,101,67,0.5533333333333333,0.5238095238095238,0.6733333333333333,0.7976190476190477
01eaedc9-a79a93e00.jpg,01eaedc9-a79a93e00_reSized.jpg,1280,720,traffic light,150,84,506,218,535,263,10,0.3953125,0.30277777777777776,0.41796875,0.36527777777777776,59,25,62,30,0.3933333333333333,0.2976190476190476,0.41333333333333333,0.35714285714285715
01eaedc9-a79a93e00.jpg,01eaedc9-a79a93e00_reSized.jpg,1280,720,traffic light,150,84,652,237,678,271,10,0.509375,0.32916666666666666,0.5296875,0.3763888888888889,76,27,79,31,0.5066666666666667,0.32142857142857145,0.5266666666666666,0.36904761904761907
01eaedc9-a79a93e00.jpg,01eaedc9-a79a93e00_reSized.jpg,1280,720,car,150,84,995,276,1276,543,3,0.77734375,0.38333333333333336,0.996875,0.7541666666666667,116,32,149,63,0.7733333333333333,0.38095238095238093,0.9933333333333333,0.75
01eaedc9-a79a93e00.jpg,01eaedc9-a79a93e00_reSized.jpg,1280,720,car,150,84,840,329,1052,456,3,0.65625,0.4569444444444444,0.821875,0.6333333333333333,98,38,123,53,0.6533333333333333,0.4523809523809524,0.82,0.6309523809523809
077d7bbc-2dc66d22.jpg,077d7bbc-2dc66d22_reSized.jpg,1280,720,car,150,84,456,191,536,253,3,0.35625,0.2652777777777778,0.41875,0.3513888888888889,53,22,62,29,0.35333333333333333,0.2619047619047619,0.41333333333333333,0.34523809523809523
077d7bbc-2dc66d22.jpg,077d7bbc-2dc66d22_reSized.jpg,1280,720,car,150,84,571,191,627,240,3,0.44609375,0.2652777777777778,0.48984375,0.3333333333333333,66,22,73,28,0.44,0.2619047619047619,0.4866666666666667,0.3333333333333333
077d7bbc-2dc66d22.jpg,077d7bbc-2dc66d22_reSized.jpg,1280,720,car,150,84,691,172,845,281,3,0.53984375,0.2388888888888889,0.66015625,0.3902777777777778,80,20,99,32,0.5333333333333333,0.23809523809523808,0.66,0.38095238095238093
077d7bbc-2dc66d22.jpg,077d7bbc-2dc66d22_reSized.jpg,1280,720,person,150,84,1198,156,1275,327,1,0.9359375,0.21666666666666667,0.99609375,0.4541666666666666,140,18,149,38,0.9333333333333333,0.21428571428571427,0.9933333333333333,0.4523809523809524
077d7bbc-2dc66d22.jpg,077d7bbc-2dc66d22_reSized.jpg,1280,720,traffic light,150,84,464,36,489,86,10,0.3625,0.05,0.38203125,0.11944444444444445,54,4,57,10,0.36,0.047619047619047616,0.38,0.11904761904761904
s1.jpg,s1_reSized.jpg,960,604,car,150,94,490,179,840,512,3,0.5104166666666666,0.2963576158940397,0.875,0.847682119205298,76,27,131,79,0.5066666666666667,0.2872340425531915,0.8733333333333333,0.8404255319148937
s1.jpg,s1_reSized.jpg,960,604,car,150,94,418,208,522,326,3,0.4354166666666667,0.3443708609271523,0.54375,0.5397350993377483,65,32,81,50,0.43333333333333335,0.3404255319148936,0.54,0.5319148936170213
s1.jpg,s1_reSized.jpg,960,604,car,150,94,355,203,431,315,3,0.3697916666666667,0.3360927152317881,0.44895833333333335,0.5215231788079471,55,31,67,49,0.36666666666666664,0.32978723404255317,0.44666666666666666,0.5212765957446809
s1.jpg,s1_reSized.jpg,960,604,car,150,94,272,207,359,294,3,0.2833333333333333,0.34271523178807944,0.3739583333333333,0.4867549668874172,42,32,56,45,0.28,0.3404255319148936,0.37333333333333335,0.4787234042553192
s1.jpg,s1_reSized.jpg,960,604,car,150,94,229,229,275,281,3,0.2385416666666667,0.3791390728476821,0.2864583333333333,0.4652317880794702,35,35,42,43,0.23333333333333334,0.3723404255319149,0.28,0.4574468085106383
s1.jpg,s1_reSized.jpg,960,604,car,150,94,193,221,233,269,3,0.20104166666666667,0.3658940397350993,0.2427083333333333,0.445364238410596,30,34,36,41,0.2,0.3617021276595745,0.24,0.43617021276595747
s1.jpg,s1_reSized.jpg,960,604,car,150,94,149,218,201,259,3,0.15520833333333334,0.3609271523178808,0.209375,0.4288079470198676,23,33,31,40,0.15333333333333332,0.35106382978723405,0.20666666666666667,0.425531914893617
s1.jpg,s1_reSized.jpg,960,604,car,150,94,60,208,104,249,3,0.0625,0.3443708609271523,0.10833333333333334,0.4122516556291391,9,32,16,38,0.06,0.3404255319148936,0.10666666666666667,0.40425531914893614
s1.jpg,s1_reSized.jpg,960,604,truck,150,94,99,209,153,247,8,0.103125,0.3460264900662252,0.159375,0.40894039735099336,15,32,23,38,0.1,0.3404255319148936,0.15333333333333332,0.40425531914893614
02346f91-87969c22.jpg,02346f91-87969c22_reSized.jpg,1280,720,car,150,84,4,36,437,415,3,0.003125,0.05,0.34140625,0.5763888888888888,0,4,51,48,0.0,0.047619047619047616,0.34,0.5714285714285714
02346f91-87969c22.jpg,02346f91-87969c22_reSized.jpg,1280,720,car,150,84,430,112,747,309,3,0.3359375,0.15555555555555556,0.58359375,0.42916666666666653,50,13,87,36,0.3333333333333333,0.15476190476190477,0.58,0.42857142857142855
05640976-d1ce1090396.jpg,05640976-d1ce1090396_reSized.jpg,1280,720,car,150,84,2,280,171,488,3,0.0015625,0.3888888888888889,0.13359375,0.6777777777777778,0,32,20,56,0.0,0.38095238095238093,0.13333333333333333,0.6666666666666666
05640976-d1ce1090396.jpg,05640976-d1ce1090396_reSized.jpg,1280,720,car,150,84,136,273,346,405,3,0.10625,0.37916666666666665,0.2703125,0.5625,15,31,40,47,0.1,0.36904761904761907,0.26666666666666666,0.5595238095238095
05640976-d1ce1090396.jpg,05640976-d1ce1090396_reSized.jpg,1280,720,car,150,84,725,258,993,423,3,0.56640625,0.3583333333333333,0.77578125,0.5875,84,30,116,49,0.56,0.35714285714285715,0.7733333333333333,0.5833333333333334
05640976-d1ce1090396.jpg,05640976-d1ce1090396_reSized.jpg,1280,720,car,150,84,937,233,1276,530,3,0.73203125,0.3236111111111111,0.996875,0.7361111111111112,109,27,149,61,0.7266666666666667,0.32142857142857145,0.9933333333333333,0.7261904761904762
05640976-d1ce1090396.jpg,05640976-d1ce1090396_reSized.jpg,1280,720,car,150,84,305,283,394,368,3,0.23828125,0.3930555555555556,0.3078125,0.5111111111111111,35,33,46,42,0.23333333333333334,0.39285714285714285,0.30666666666666664,0.5
05640976-d1ce1090396.jpg,05640976-d1ce1090396_reSized.jpg,1280,720,car,150,84,615,291,704,357,3,0.48046875,0.4041666666666667,0.55,0.4958333333333334,72,33,82,41,0.48,0.39285714285714285,0.5466666666666666,0.4880952380952381
05640976-d1ce1090396.jpg,05640976-d1ce1090396_reSized.jpg,1280,720,car,150,84,495,293,545,333,3,0.38671875,0.4069444444444445,0.42578125,0.4625,58,34,63,38,0.38666666666666666,0.40476190476190477,0.42,0.4523809523809524
05640976-d1ce1090396.jpg,05640976-d1ce1090396_reSized.jpg,1280,720,car,150,84,580,292,624,331,3,0.453125,0.4055555555555556,0.4875,0.4597222222222222,67,34,73,38,0.44666666666666666,0.40476190476190477,0.4866666666666667,0.4523809523809524
s25.jpg,s25_reSized.jpg,1200,634,car,150,79,858,269,1099,448,3,0.715,0.4242902208201893,0.9158333333333334,0.7066246056782335,107,33,137,55,0.7133333333333334,0.4177215189873418,0.9133333333333333,0.6962025316455697
s25.jpg,s25_reSized.jpg,1200,634,car,150,79,209,247,424,406,3,0.17416666666666664,0.3895899053627761,0.3533333333333333,0.6403785488958991,26,30,53,50,0.17333333333333334,0.379746835443038,0.35333333333333333,0.6329113924050633
05476b39-9d783f66.jpg,05476b39-9d783f66_reSized.jpg,1280,720,person,150,84,85,301,248,612,1,0.06640625,0.4180555555555556,0.19375,0.85,9,35,29,71,0.06,0.4166666666666667,0.19333333333333333,0.8452380952380952
05476b39-9d783f66.jpg,05476b39-9d783f66_reSized.jpg,1280,720,person,150,84,457,376,488,441,1,0.35703125,0.5222222222222223,0.38125,0.6125,53,43,57,51,0.35333333333333333,0.5119047619047619,0.38,0.6071428571428571
05476b39-9d783f66.jpg,05476b39-9d783f66_reSized.jpg,1280,720,person,150,84,489,375,525,448,1,0.38203125,0.5208333333333334,0.41015625,0.6222222222222222,57,43,61,52,0.38,0.5119047619047619,0.4066666666666667,0.6190476190476191
05476b39-9d783f66.jpg,05476b39-9d783f66_reSized.jpg,1280,720,person,150,84,539,379,577,445,1,0.42109375,0.5263888888888889,0.45078125,0.6180555555555556,63,44,67,51,0.42,0.5238095238095238,0.44666666666666666,0.6071428571428571
05476b39-9d783f66.jpg,05476b39-9d783f66_reSized.jpg,1280,720,car,150,84,664,387,837,506,3,0.51875,0.5375,0.65390625,0.7027777777777777,77,45,98,59,0.5133333333333333,0.5357142857142857,0.6533333333333333,0.7023809523809523
05476b39-9d783f66.jpg,05476b39-9d783f66_reSized.jpg,1280,720,traffic light,150,84,402,263,426,311,10,0.3140625,0.36527777777777776,0.3328125,0.4319444444444445,47,30,49,36,0.31333333333333335,0.35714285714285715,0.32666666666666666,0.42857142857142855
05476b39-9d783f66.jpg,05476b39-9d783f66_reSized.jpg,1280,720,traffic light,150,84,674,324,698,353,10,0.5265625,0.45,0.5453125,0.4902777777777778,78,37,81,41,0.52,0.44047619047619047,0.54,0.4880952380952381
s28.jpg,s28_reSized.jpg,1920,1080,car,150,84,1055,646,1248,779,3,0.5494791666666666,0.5981481481481481,0.65,0.7212962962962963,82,50,97,60,0.5466666666666666,0.5952380952380952,0.6466666666666666,0.7142857142857143
s28.jpg,s28_reSized.jpg,1920,1080,car,150,84,713,645,787,703,3,0.37135416666666665,0.5972222222222222,0.40989583333333335,0.6509259259259259,55,50,61,54,0.36666666666666664,0.5952380952380952,0.4066666666666667,0.6428571428571429
03af3912-36636dd5.jpg,03af3912-36636dd5_reSized.jpg,1280,720,traffic light,150,84,1023,111,1072,196,10,0.79921875,0.15416666666666667,0.8375,0.2722222222222222,119,12,125,22,0.7933333333333333,0.14285714285714285,0.8333333333333334,0.2619047619047619
03af3912-36636dd5.jpg,03af3912-36636dd5_reSized.jpg,1280,720,car,150,84,803,340,928,436,3,0.62734375,0.4722222222222222,0.725,0.6055555555555555,94,39,108,50,0.6266666666666667,0.4642857142857143,0.72,0.5952380952380952
03af3912-36636dd5.jpg,03af3912-36636dd5_reSized.jpg,1280,720,car,150,84,212,336,390,444,3,0.165625,0.4666666666666667,0.3046875,0.6166666666666667,24,39,45,51,0.16,0.4642857142857143,0.3,0.6071428571428571
03af3912-36636dd5.jpg,03af3912-36636dd5_reSized.jpg,1280,720,car,150,84,725,326,794,380,3,0.56640625,0.4527777777777778,0.6203125,0.5277777777777778,84,38,93,44,0.56,0.4523809523809524,0.62,0.5238095238095238
03af3912-36636dd5.jpg,03af3912-36636dd5_reSized.jpg,1280,720,car,150,84,380,345,446,420,3,0.296875,0.4791666666666667,0.3484375,0.5833333333333334,44,40,52,49,0.29333333333333333,0.47619047619047616,0.3466666666666667,0.5833333333333334
03af3912-36636dd5.jpg,03af3912-36636dd5_reSized.jpg,1280,720,car,150,84,431,341,496,399,3,0.33671875,0.4736111111111111,0.3875,0.5541666666666667,50,39,58,46,0.3333333333333333,0.4642857142857143,0.38666666666666666,0.5476190476190477
s34.jpg,s34_reSized.jpg,1024,568,person,150,83,366,339,397,415,1,0.357421875,0.5968309859154929,0.3876953125,0.7306338028169014,53,49,58,60,0.35333333333333333,0.5903614457831325,0.38666666666666666,0.7228915662650602
s34.jpg,s34_reSized.jpg,1024,568,car,150,83,651,365,849,475,3,0.6357421875,0.6426056338028169,0.8291015625,0.8362676056338029,95,53,124,69,0.6333333333333333,0.6385542168674698,0.8266666666666667,0.8313253012048193
s34.jpg,s34_reSized.jpg,1024,568,car,150,83,59,342,216,454,3,0.0576171875,0.602112676056338,0.2109375,0.7992957746478874,8,49,31,66,0.05333333333333334,0.5903614457831325,0.20666666666666667,0.7951807228915663
s34.jpg,s34_reSized.jpg,1024,568,car,150,83,579,362,675,424,3,0.5654296875,0.6373239436619719,0.6591796875,0.7464788732394366,84,52,98,61,0.56,0.6265060240963856,0.6533333333333333,0.7349397590361446
s54.jpg,s54_reSized.jpg,516,346,car,150,100,35,191,131,258,3,0.06782945736434108,0.5520231213872833,0.2538759689922481,0.7456647398843931,10,55,38,74,0.06666666666666667,0.55,0.25333333333333335,0.74
s54.jpg,s54_reSized.jpg,516,346,car,150,100,313,185,377,245,3,0.6065891472868217,0.5346820809248555,0.7306201550387597,0.708092485549133,90,53,109,70,0.6,0.53,0.7266666666666667,0.7
s54.jpg,s54_reSized.jpg,516,346,car,150,100,239,184,293,226,3,0.4631782945736434,0.5317919075144508,0.5678294573643411,0.6531791907514449,69,53,85,65,0.46,0.53,0.5666666666666667,0.65
s54.jpg,s54_reSized.jpg,516,346,traffic light,150,100,340,67,351,96,10,0.6589147286821705,0.1936416184971098,0.6802325581395349,0.2774566473988439,98,19,102,27,0.6533333333333333,0.19,0.68,0.27
s54.jpg,s54_reSized.jpg,516,346,traffic light,150,100,408,66,420,96,10,0.7906976744186046,0.1907514450867052,0.813953488372093,0.2774566473988439,118,19,122,27,0.7866666666666666,0.19,0.8133333333333334,0.27
s54.jpg,s54_reSized.jpg,516,346,car,150,100,159,176,211,214,3,0.3081395348837209,0.5086705202312138,0.40891472868217055,0.6184971098265896,46,50,61,61,0.30666666666666664,0.5,0.4066666666666667,0.61
s54.jpg,s54_reSized.jpg,516,346,car,150,100,356,176,401,211,3,0.689922480620155,0.5086705202312138,0.7771317829457365,0.6098265895953757,103,50,116,60,0.6866666666666666,0.5,0.7733333333333333,0.6
s54.jpg,s54_reSized.jpg,516,346,car,150,100,261,166,316,210,3,0.5058139534883721,0.4797687861271676,0.6124031007751938,0.6069364161849711,75,47,91,60,0.5,0.47,0.6066666666666667,0.6
067ebca1-8a3387bf.jpg,067ebca1-8a3387bf_reSized.jpg,1280,720,car,150,84,1,275,448,578,3,0.00078125,0.3819444444444444,0.35,0.8027777777777778,0,32,52,67,0.0,0.38095238095238093,0.3466666666666667,0.7976190476190477
067ebca1-8a3387bf.jpg,067ebca1-8a3387bf_reSized.jpg,1280,720,car,150,84,626,280,813,469,3,0.4890625,0.3888888888888889,0.63515625,0.6513888888888889,73,32,95,54,0.4866666666666667,0.38095238095238093,0.6333333333333333,0.6428571428571429
067ebca1-8a3387bf.jpg,067ebca1-8a3387bf_reSized.jpg,1280,720,car,150,84,397,277,569,455,3,0.31015625,0.38472222222222224,0.44453125,0.6319444444444444,46,32,66,53,0.30666666666666664,0.38095238095238093,0.44,0.6309523809523809
067ebca1-8a3387bf.jpg,067ebca1-8a3387bf_reSized.jpg,1280,720,car,150,84,1022,315,1280,479,3,0.7984375,0.4375,1.0,0.6652777777777777,119,36,150,55,0.7933333333333333,0.42857142857142855,1.0,0.6547619047619048
s19.jpg,s19_reSized.jpg,1200,613,car,150,76,145,473,256,568,3,0.12083333333333332,0.7716150081566069,0.21333333333333332,0.9265905383360522,18,58,32,70,0.12,0.7631578947368421,0.21333333333333335,0.9210526315789473
s19.jpg,s19_reSized.jpg,1200,613,car,150,76,229,429,320,499,3,0.19083333333333333,0.6998368678629691,0.26666666666666666,0.8140293637846656,28,53,40,61,0.18666666666666668,0.6973684210526315,0.26666666666666666,0.8026315789473685
s19.jpg,s19_reSized.jpg,1200,613,car,150,76,375,371,456,440,3,0.3125,0.6052202283849919,0.38,0.7177814029363785,46,45,57,54,0.30666666666666664,0.5921052631578947,0.38,0.7105263157894737
s19.jpg,s19_reSized.jpg,1200,613,car,150,76,478,379,548,426,3,0.3983333333333333,0.6182707993474714,0.4566666666666666,0.6949429037520392,59,46,68,52,0.3933333333333333,0.6052631578947368,0.4533333333333333,0.6842105263157895
s19.jpg,s19_reSized.jpg,1200,613,car,150,76,558,363,614,407,3,0.465,0.5921696574225123,0.5116666666666667,0.6639477977161501,69,45,76,50,0.46,0.5921052631578947,0.5066666666666667,0.6578947368421053
01eaedc9-a79a93e0396.jpg,01eaedc9-a79a93e0396_reSized.jpg,1280,720,car,150,84,562,348,638,420,3,0.4390625,0.4833333333333333,0.4984375,0.5833333333333334,65,40,74,49,0.43333333333333335,0.47619047619047616,0.49333333333333335,0.5833333333333334
01eaedc9-a79a93e0396.jpg,01eaedc9-a79a93e0396_reSized.jpg,1280,720,car,150,84,452,348,527,420,3,0.353125,0.4833333333333333,0.41171875,0.5833333333333334,52,40,61,49,0.3466666666666667,0.47619047619047616,0.4066666666666667,0.5833333333333334
01eaedc9-a79a93e0396.jpg,01eaedc9-a79a93e0396_reSized.jpg,1280,720,person,150,84,838,343,865,408,1,0.6546875,0.4763888888888889,0.67578125,0.5666666666666667,98,40,101,47,0.6533333333333333,0.47619047619047616,0.6733333333333333,0.5595238095238095
01eaedc9-a79a93e0396.jpg,01eaedc9-a79a93e0396_reSized.jpg,1280,720,person,150,84,698,357,713,388,1,0.5453125,0.4958333333333334,0.55703125,0.5388888888888889,81,41,83,45,0.54,0.4880952380952381,0.5533333333333333,0.5357142857142857
01eaedc9-a79a93e0396.jpg,01eaedc9-a79a93e0396_reSized.jpg,1280,720,person,150,84,725,357,744,392,1,0.56640625,0.4958333333333334,0.58125,0.5444444444444444,84,41,87,45,0.56,0.4880952380952381,0.58,0.5357142857142857
01eaedc9-a79a93e0396.jpg,01eaedc9-a79a93e0396_reSized.jpg,1280,720,traffic light,150,84,490,289,511,318,10,0.3828125,0.4013888888888889,0.39921875,0.44166666666666665,57,33,59,37,0.38,0.39285714285714285,0.3933333333333333,0.44047619047619047
01eaedc9-a79a93e0396.jpg,01eaedc9-a79a93e0396_reSized.jpg,1280,720,traffic light,150,84,595,296,612,320,10,0.46484375,0.4111111111111111,0.478125,0.4444444444444444,69,34,71,37,0.46,0.40476190476190477,0.47333333333333333,0.44047619047619047
01eaedc9-a79a93e0396.jpg,01eaedc9-a79a93e0396_reSized.jpg,1280,720,car,150,84,10,369,214,472,3,0.0078125,0.5125,0.1671875,0.6555555555555556,1,43,25,55,0.006666666666666667,0.5119047619047619,0.16666666666666666,0.6547619047619048
01eaedc9-a79a93e0396.jpg,01eaedc9-a79a93e0396_reSized.jpg,1280,720,car,150,84,204,364,338,437,3,0.159375,0.5055555555555555,0.2640625,0.6069444444444444,23,42,39,50,0.15333333333333332,0.5,0.26,0.5952380952380952
02346f91-27a6b98b.jpg,02346f91-27a6b98b_reSized.jpg,1280,720,car,150,84,368,130,606,311,3,0.2875,0.18055555555555555,0.4734375,0.4319444444444445,43,15,71,36,0.2866666666666667,0.17857142857142858,0.47333333333333333,0.42857142857142855
02346f91-27a6b98b.jpg,02346f91-27a6b98b_reSized.jpg,1280,720,bus,150,84,345,46,797,153,6,0.26953125,0.06388888888888887,0.62265625,0.2125,40,5,93,17,0.26666666666666666,0.05952380952380952,0.62,0.20238095238095238
02346f91-27a6b98b.jpg,02346f91-27a6b98b_reSized.jpg,1280,720,person,150,84,870,69,913,176,1,0.6796875,0.09583333333333334,0.71328125,0.24444444444444444,101,8,106,20,0.6733333333333333,0.09523809523809523,0.7066666666666667,0.23809523809523808
02346f91-27a6b98b.jpg,02346f91-27a6b98b_reSized.jpg,1280,720,person,150,84,901,65,947,163,1,0.70390625,0.09027777777777778,0.73984375,0.2263888888888889,105,7,110,19,0.7,0.08333333333333333,0.7333333333333333,0.2261904761904762
02346f91-27a6b98b.jpg,02346f91-27a6b98b_reSized.jpg,1280,720,truck,150,84,127,91,255,178,8,0.09921875,0.12638888888888888,0.19921875,0.24722222222222226,14,10,29,20,0.09333333333333334,0.11904761904761904,0.19333333333333333,0.23809523809523808
snowy_norway3.jpg,snowy_norway3_reSized.jpg,964,680,car,150,105,444,217,624,345,3,0.4605809128630705,0.3191176470588235,0.6473029045643154,0.5073529411764706,69,33,97,53,0.46,0.3142857142857143,0.6466666666666666,0.5047619047619047
snowy_norway3.jpg,snowy_norway3_reSized.jpg,964,680,car,150,105,404,214,484,305,3,0.4190871369294606,0.3147058823529412,0.5020746887966805,0.4485294117647059,62,33,75,47,0.41333333333333333,0.3142857142857143,0.5,0.44761904761904764
s40.jpg,s40_reSized.jpg,640,480,car,150,112,269,270,333,333,3,0.4203125,0.5625,0.5203125,0.69375,63,62,78,77,0.42,0.5535714285714286,0.52,0.6875
s46.jpg,s46_reSized.jpg,640,480,car,150,112,265,327,344,395,3,0.4140625,0.68125,0.5375,0.8229166666666666,62,76,80,92,0.41333333333333333,0.6785714285714286,0.5333333333333333,0.8214285714285714
037795d6-d456ac0c.jpg,037795d6-d456ac0c_reSized.jpg,1280,720,car,150,84,587,241,641,283,3,0.45859375,0.3347222222222222,0.50078125,0.3930555555555556,68,28,75,33,0.4533333333333333,0.3333333333333333,0.5,0.39285714285714285
037795d6-d456ac0c.jpg,037795d6-d456ac0c_reSized.jpg,1280,720,car,150,84,642,231,690,267,3,0.5015625,0.32083333333333336,0.5390625,0.37083333333333335,75,26,80,31,0.5,0.30952380952380953,0.5333333333333333,0.36904761904761907
037795d6-d456ac0c.jpg,037795d6-d456ac0c_reSized.jpg,1280,720,traffic light,150,84,635,170,663,206,10,0.49609375,0.2361111111111111,0.51796875,0.2861111111111111,74,19,77,24,0.49333333333333335,0.2261904761904762,0.5133333333333333,0.2857142857142857
s13.jpg,s13_reSized.jpg,590,393,truck,150,99,306,122,429,256,8,0.5186440677966102,0.3104325699745547,0.7271186440677966,0.6513994910941476,77,30,109,64,0.5133333333333333,0.30303030303030304,0.7266666666666667,0.6464646464646465
s13.jpg,s13_reSized.jpg,590,393,car,150,99,466,179,546,247,3,0.7898305084745763,0.45547073791348597,0.9254237288135592,0.628498727735369,118,45,138,62,0.7866666666666666,0.45454545454545453,0.92,0.6262626262626263
s13.jpg,s13_reSized.jpg,590,393,car,150,99,1,192,112,328,3,0.001694915254237288,0.4885496183206106,0.18983050847457628,0.8346055979643766,0,48,28,82,0.0,0.48484848484848486,0.18666666666666668,0.8282828282828283
s31.jpg,s31_reSized.jpg,680,453,car,150,99,297,273,335,304,3,0.43676470588235294,0.6026490066225165,0.4926470588235294,0.6710816777041942,65,59,73,66,0.43333333333333335,0.5959595959595959,0.4866666666666667,0.6666666666666666
01ec6367-7092c37b.jpg,01ec6367-7092c37b_reSized.jpg,1280,720,traffic light,150,84,236,169,287,245,10,0.184375,0.23472222222222225,0.22421875,0.3402777777777778,27,19,33,28,0.18,0.2261904761904762,0.22,0.3333333333333333
01ec6367-7092c37b.jpg,01ec6367-7092c37b_reSized.jpg,1280,720,traffic light,150,84,540,135,604,220,10,0.421875,0.1875,0.471875,0.3055555555555556,63,15,70,25,0.42,0.17857142857142858,0.4666666666666667,0.2976190476190476
01ec6367-7092c37b.jpg,01ec6367-7092c37b_reSized.jpg,1280,720,car,150,84,760,428,1091,590,3,0.59375,0.5944444444444444,0.85234375,0.8194444444444444,89,49,127,68,0.5933333333333334,0.5833333333333334,0.8466666666666667,0.8095238095238095
01ec6367-7092c37b.jpg,01ec6367-7092c37b_reSized.jpg,1280,720,car,150,84,1085,420,1280,683,3,0.84765625,0.5833333333333334,1.0,0.9486111111111112,127,49,150,79,0.8466666666666667,0.5833333333333334,1.0,0.9404761904761905
01ec6367-7092c37b.jpg,01ec6367-7092c37b_reSized.jpg,1280,720,car,150,84,899,406,1025,453,3,0.70234375,0.5638888888888889,0.80078125,0.6291666666666667,105,47,120,52,0.7,0.5595238095238095,0.8,0.6190476190476191
01ec6367-7092c37b.jpg,01ec6367-7092c37b_reSized.jpg,1280,720,car,150,84,654,398,727,455,3,0.5109375,0.5527777777777778,0.56796875,0.6319444444444444,76,46,85,53,0.5066666666666667,0.5476190476190477,0.5666666666666667,0.6309523809523809
01ec6367-7092c37b.jpg,01ec6367-7092c37b_reSized.jpg,1280,720,car,150,84,571,396,647,440,3,0.44609375,0.55,0.50546875,0.6111111111111112,66,46,75,51,0.44,0.5476190476190477,0.5,0.6071428571428571
s7.jpg,s7_reSized.jpg,619,413,car,150,100,20,167,205,269,3,0.03231017770597738,0.4043583535108959,0.33117932148626816,0.6513317191283293,4,40,49,65,0.02666666666666667,0.4,0.32666666666666666,0.65
s7.jpg,s7_reSized.jpg,619,413,car,150,100,432,154,618,278,3,0.6978998384491115,0.3728813559322034,0.9983844911147012,0.6731234866828087,104,37,149,67,0.6933333333333334,0.37,0.9933333333333333,0.67
s7.jpg,s7_reSized.jpg,619,413,car,150,100,382,182,436,232,3,0.617124394184168,0.4406779661016949,0.7043618739903069,0.5617433414043583,92,44,105,56,0.6133333333333333,0.44,0.7,0.56
s7.jpg,s7_reSized.jpg,619,413,car,150,100,183,178,252,238,3,0.2956381260096931,0.43099273607748173,0.407108239095315,0.576271186440678,44,43,61,57,0.29333333333333333,0.43,0.4066666666666667,0.57
s37.jpg,s37_reSized.jpg,1200,630,person,150,78,453,343,496,451,1,0.3775,0.5444444444444444,0.4133333333333333,0.7158730158730159,56,42,62,55,0.37333333333333335,0.5384615384615384,0.41333333333333333,0.7051282051282052
01eaedc9-a79a93e0297.jpg,01eaedc9-a79a93e0297_reSized.jpg,1280,720,car,150,84,598,322,672,390,3,0.4671875,0.44722222222222224,0.525,0.5416666666666666,70,37,78,45,0.4666666666666667,0.44047619047619047,0.52,0.5357142857142857
01eaedc9-a79a93e0297.jpg,01eaedc9-a79a93e0297_reSized.jpg,1280,720,car,150,84,497,333,549,385,3,0.38828125,0.4625,0.42890625,0.5347222222222222,58,38,64,44,0.38666666666666666,0.4523809523809524,0.4266666666666667,0.5238095238095238
01eaedc9-a79a93e0297.jpg,01eaedc9-a79a93e0297_reSized.jpg,1280,720,car,150,84,263,327,384,403,3,0.20546875,0.4541666666666666,0.3,0.5597222222222222,30,38,45,47,0.2,0.4523809523809524,0.3,0.5595238095238095
01eaedc9-a79a93e0297.jpg,01eaedc9-a79a93e0297_reSized.jpg,1280,720,traffic light,150,84,604,4,670,66,10,0.471875,0.005555555555555557,0.5234375,0.09166666666666666,70,0,78,7,0.4666666666666667,0.0,0.52,0.08333333333333333
05640976-d1ce10901089.jpg,05640976-d1ce10901089_reSized.jpg,1280,720,car,150,84,43,244,325,426,3,0.03359375,0.3388888888888889,0.25390625,0.5916666666666667,5,28,38,49,0.03333333333333333,0.3333333333333333,0.25333333333333335,0.5833333333333334
05640976-d1ce10901089.jpg,05640976-d1ce10901089_reSized.jpg,1280,720,car,150,84,443,273,595,394,3,0.34609375,0.37916666666666665,0.46484375,0.5472222222222223,51,31,69,45,0.34,0.36904761904761907,0.46,0.5357142857142857
05640976-d1ce10901089.jpg,05640976-d1ce10901089_reSized.jpg,1280,720,car,150,84,814,232,1235,502,3,0.6359375,0.32222222222222224,0.96484375,0.6972222222222222,95,27,144,58,0.6333333333333333,0.32142857142857145,0.96,0.6904761904761905
05640976-d1ce10901089.jpg,05640976-d1ce10901089_reSized.jpg,1280,720,car,150,84,278,273,364,370,3,0.2171875,0.37916666666666665,0.284375,0.5138888888888888,32,31,42,43,0.21333333333333335,0.36904761904761907,0.28,0.5119047619047619
05640976-d1ce10901089.jpg,05640976-d1ce10901089_reSized.jpg,1280,720,car,150,84,689,244,877,385,3,0.53828125,0.3388888888888889,0.68515625,0.5347222222222222,80,28,102,44,0.5333333333333333,0.3333333333333333,0.68,0.5238095238095238
05640976-d1ce10901089.jpg,05640976-d1ce10901089_reSized.jpg,1280,720,car,150,84,327,276,394,351,3,0.25546875,0.38333333333333336,0.3078125,0.4875,38,32,46,40,0.25333333333333335,0.38095238095238093,0.30666666666666664,0.47619047619047616
s30.jpg,s30_reSized.jpg,1140,681,car,150,89,82,319,376,539,3,0.07192982456140351,0.4684287812041116,0.3298245614035088,0.7914831130690162,10,41,49,70,0.06666666666666667,0.4606741573033708,0.32666666666666666,0.7865168539325843
s30.jpg,s30_reSized.jpg,1140,681,car,150,89,762,179,937,321,3,0.6684210526315789,0.262848751835536,0.8219298245614035,0.4713656387665198,100,23,123,41,0.6666666666666666,0.25842696629213485,0.82,0.4606741573033708
05640976-d1ce10901188.jpg,05640976-d1ce10901188_reSized.jpg,1280,720,car,150,84,5,247,275,441,3,0.00390625,0.3430555555555556,0.21484375,0.6125,0,28,32,51,0.0,0.3333333333333333,0.21333333333333335,0.6071428571428571
05640976-d1ce10901188.jpg,05640976-d1ce10901188_reSized.jpg,1280,720,car,150,84,224,265,372,373,3,0.175,0.3680555555555556,0.290625,0.5180555555555556,26,30,43,43,0.17333333333333334,0.35714285714285715,0.2866666666666667,0.5119047619047619
05640976-d1ce10901188.jpg,05640976-d1ce10901188_reSized.jpg,1280,720,car,150,84,396,262,607,437,3,0.309375,0.3638888888888889,0.47421875,0.6069444444444444,46,30,71,50,0.30666666666666664,0.35714285714285715,0.47333333333333333,0.5952380952380952
05640976-d1ce10901188.jpg,05640976-d1ce10901188_reSized.jpg,1280,720,car,150,84,305,244,420,341,3,0.23828125,0.3388888888888889,0.328125,0.4736111111111111,35,28,49,39,0.23333333333333334,0.3333333333333333,0.32666666666666666,0.4642857142857143
05640976-d1ce10901188.jpg,05640976-d1ce10901188_reSized.jpg,1280,720,car,150,84,703,241,903,368,3,0.54921875,0.3347222222222222,0.70546875,0.5111111111111111,82,28,105,42,0.5466666666666666,0.3333333333333333,0.7,0.5
05640976-d1ce10901188.jpg,05640976-d1ce10901188_reSized.jpg,1280,720,traffic light,150,84,490,191,513,233,10,0.3828125,0.2652777777777778,0.40078125,0.3236111111111111,57,22,60,27,0.38,0.2619047619047619,0.4,0.32142857142857145
s10.jpg,s10_reSized.jpg,590,350,car,150,88,89,136,333,257,3,0.15084745762711865,0.38857142857142857,0.5644067796610169,0.7342857142857143,22,34,84,64,0.14666666666666667,0.38636363636363635,0.56,0.7272727272727273
s10.jpg,s10_reSized.jpg,590,350,car,150,88,263,87,338,150,3,0.4457627118644068,0.24857142857142855,0.5728813559322034,0.42857142857142855,66,21,85,37,0.44,0.23863636363636365,0.5666666666666667,0.42045454545454547
s10.jpg,s10_reSized.jpg,590,350,car,150,88,399,73,489,160,3,0.676271186440678,0.20857142857142855,0.8288135593220339,0.4571428571428571,101,18,124,40,0.6733333333333333,0.20454545454545456,0.8266666666666667,0.45454545454545453
03fd9aa1-78e4c146.jpg,03fd9aa1-78e4c146_reSized.jpg,1280,720,car,150,84,745,305,814,351,3,0.58203125,0.4236111111111111,0.6359375,0.4875,87,35,95,40,0.58,0.4166666666666667,0.6333333333333333,0.47619047619047616
03fd9aa1-78e4c146.jpg,03fd9aa1-78e4c146_reSized.jpg,1280,720,car,150,84,663,299,704,334,3,0.51796875,0.4152777777777778,0.55,0.4638888888888889,77,34,82,38,0.5133333333333333,0.40476190476190477,0.5466666666666666,0.4523809523809524
03fd9aa1-78e4c146.jpg,03fd9aa1-78e4c146_reSized.jpg,1280,720,car,150,84,245,313,363,375,3,0.19140625,0.43472222222222223,0.28359375,0.5208333333333334,28,36,42,43,0.18666666666666668,0.42857142857142855,0.28,0.5119047619047619
03fd9aa1-78e4c146.jpg,03fd9aa1-78e4c146_reSized.jpg,1280,720,person,150,84,634,294,654,337,1,0.4953125,0.4083333333333333,0.5109375,0.4680555555555556,74,34,76,39,0.49333333333333335,0.40476190476190477,0.5066666666666667,0.4642857142857143
03fd9aa1-78e4c146.jpg,03fd9aa1-78e4c146_reSized.jpg,1280,720,car,150,84,412,317,481,348,3,0.321875,0.44027777777777777,0.37578125,0.4833333333333333,48,36,56,40,0.32,0.42857142857142855,0.37333333333333335,0.47619047619047616
s44.jpg,s44_reSized.jpg,500,375,person,150,112,167,194,208,287,1,0.33399999999999996,0.5173333333333333,0.41600000000000004,0.7653333333333333,50,57,62,85,0.3333333333333333,0.5089285714285714,0.41333333333333333,0.7589285714285714
s44.jpg,s44_reSized.jpg,500,375,person,150,112,221,195,239,238,1,0.442,0.52,0.478,0.6346666666666667,66,58,71,71,0.44,0.5178571428571429,0.47333333333333333,0.6339285714285714
s44.jpg,s44_reSized.jpg,500,375,truck,150,112,226,181,436,315,8,0.452,0.4826666666666667,0.872,0.84,67,54,130,94,0.44666666666666666,0.48214285714285715,0.8666666666666667,0.8392857142857143
s44.jpg,s44_reSized.jpg,500,375,car,150,112,109,182,206,253,3,0.218,0.4853333333333333,0.41200000000000003,0.6746666666666666,32,54,61,75,0.21333333333333335,0.48214285714285715,0.4066666666666667,0.6696428571428571
s22.jpg,s22_reSized.jpg,950,560,truck,150,88,189,165,561,477,8,0.19894736842105265,0.29464285714285715,0.5905263157894737,0.8517857142857143,29,25,88,74,0.19333333333333333,0.2840909090909091,0.5866666666666667,0.8409090909090909
s22.jpg,s22_reSized.jpg,950,560,car,150,88,655,337,692,365,3,0.6894736842105263,0.6017857142857143,0.7284210526315791,0.6517857142857143,103,52,109,57,0.6866666666666666,0.5909090909090909,0.7266666666666667,0.6477272727272727
s4.jpg,s4_reSized.jpg,992,558,person,150,84,404,123,568,503,1,0.40725806451612906,0.22043010752688166,0.5725806451612904,0.9014336917562724,61,18,85,75,0.4066666666666667,0.21428571428571427,0.5666666666666667,0.8928571428571429
s4.jpg,s4_reSized.jpg,992,558,car,150,84,598,200,678,264,3,0.6028225806451613,0.35842293906810035,0.6834677419354839,0.4731182795698925,90,30,102,39,0.6,0.35714285714285715,0.68,0.4642857142857143
s4.jpg,s4_reSized.jpg,992,558,bus,150,84,371,160,468,253,6,0.3739919354838709,0.2867383512544803,0.4717741935483871,0.453405017921147,56,24,70,38,0.37333333333333335,0.2857142857142857,0.4666666666666667,0.4523809523809524
01eaedc9-a79a93e0594.jpg,01eaedc9-a79a93e0594_reSized.jpg,1280,720,car,150,84,564,309,675,411,3,0.440625,0.42916666666666653,0.52734375,0.5708333333333333,66,36,79,47,0.44,0.42857142857142855,0.5266666666666666,0.5595238095238095
01eaedc9-a79a93e0594.jpg,01eaedc9-a79a93e0594_reSized.jpg,1280,720,traffic light,150,84,297,52,332,128,10,0.23203125,0.07222222222222223,0.259375,0.17777777777777778,34,6,38,14,0.22666666666666666,0.07142857142857142,0.25333333333333335,0.16666666666666666
01eaedc9-a79a93e0594.jpg,01eaedc9-a79a93e0594_reSized.jpg,1280,720,traffic light,150,84,674,148,694,198,10,0.5265625,0.20555555555555555,0.5421875,0.275,78,17,81,23,0.52,0.20238095238095238,0.54,0.27380952380952384
01eaedc9-a79a93e0594.jpg,01eaedc9-a79a93e0594_reSized.jpg,1280,720,person,150,84,979,322,1014,404,1,0.76484375,0.44722222222222224,0.7921875,0.5611111111111111,114,37,118,47,0.76,0.44047619047619047,0.7866666666666666,0.5595238095238095
01eaedc9-a79a93e0594.jpg,01eaedc9-a79a93e0594_reSized.jpg,1280,720,person,150,84,516,324,536,364,1,0.403125,0.45,0.41875,0.5055555555555555,60,37,62,42,0.4,0.44047619047619047,0.41333333333333333,0.5
01eaedc9-a79a93e0594.jpg,01eaedc9-a79a93e0594_reSized.jpg,1280,720,car,150,84,713,327,786,380,3,0.55703125,0.4541666666666666,0.6140625,0.5277777777777778,83,38,92,44,0.5533333333333333,0.4523809523809524,0.6133333333333333,0.5238095238095238
03a5976c-6d4c623999.jpg,03a5976c-6d4c623999_reSized.jpg,1280,720,car,150,84,3,312,208,495,3,0.00234375,0.43333333333333335,0.1625,0.6875,0,36,24,57,0.0,0.42857142857142855,0.16,0.6785714285714286
03a5976c-6d4c623999.jpg,03a5976c-6d4c623999_reSized.jpg,1280,720,car,150,84,212,306,327,387,3,0.165625,0.425,0.25546875,0.5375,24,35,38,45,0.16,0.4166666666666667,0.25333333333333335,0.5357142857142857
03a5976c-6d4c623999.jpg,03a5976c-6d4c623999_reSized.jpg,1280,720,car,150,84,337,333,419,406,3,0.26328125,0.4625,0.32734375,0.5638888888888889,39,38,49,47,0.26,0.4523809523809524,0.32666666666666666,0.5595238095238095
03a5976c-6d4c623999.jpg,03a5976c-6d4c623999_reSized.jpg,1280,720,car,150,84,417,325,505,397,3,0.32578125,0.4513888888888889,0.39453125,0.5513888888888889,48,37,59,46,0.32,0.44047619047619047,0.3933333333333333,0.5476190476190477
03a5976c-6d4c623999.jpg,03a5976c-6d4c623999_reSized.jpg,1280,720,car,150,84,495,327,562,380,3,0.38671875,0.4541666666666666,0.4390625,0.5277777777777778,58,38,65,44,0.38666666666666666,0.4523809523809524,0.43333333333333335,0.5238095238095238
s45.jpg,s45_reSized.jpg,980,614,car,150,93,373,358,574,533,3,0.3806122448979592,0.5830618892508144,0.5857142857142857,0.8680781758957655,57,54,87,80,0.38,0.5806451612903226,0.58,0.8602150537634409
s45.jpg,s45_reSized.jpg,980,614,car,150,93,648,371,794,471,3,0.6612244897959184,0.6042345276872965,0.810204081632653,0.7671009771986971,99,56,121,71,0.66,0.6021505376344086,0.8066666666666666,0.7634408602150538
s15.jpg,s15_reSized.jpg,1024,755,car,150,110,558,191,708,331,3,0.544921875,0.25298013245033113,0.69140625,0.4384105960264901,81,27,103,48,0.54,0.24545454545454545,0.6866666666666666,0.43636363636363634
s15.jpg,s15_reSized.jpg,1024,755,car,150,110,519,218,568,311,3,0.5068359375,0.28874172185430463,0.5546875,0.4119205298013245,76,31,83,45,0.5066666666666667,0.2818181818181818,0.5533333333333333,0.4090909090909091
03d17a3b-11512102.jpg,03d17a3b-11512102_reSized.jpg,1280,720,car,150,84,416,361,477,406,3,0.325,0.5013888888888889,0.37265625,0.5638888888888889,48,42,55,47,0.32,0.5,0.36666666666666664,0.5595238095238095
03d17a3b-11512102.jpg,03d17a3b-11512102_reSized.jpg,1280,720,car,150,84,670,351,814,437,3,0.5234375,0.4875,0.6359375,0.6069444444444444,78,40,95,50,0.52,0.47619047619047616,0.6333333333333333,0.5952380952380952
s17.jpg,s17_reSized.jpg,980,552,car,150,84,432,426,496,476,3,0.44081632653061226,0.7717391304347826,0.5061224489795918,0.8623188405797102,66,64,75,72,0.44,0.7619047619047619,0.5,0.8571428571428571
s17.jpg,s17_reSized.jpg,980,552,truck,150,84,206,69,262,146,8,0.21020408163265306,0.125,0.2673469387755102,0.2644927536231884,31,10,40,22,0.20666666666666667,0.11904761904761904,0.26666666666666666,0.2619047619047619
s14.jpg,s14_reSized.jpg,2000,1500,truck,150,112,1055,497,1242,660,8,0.5275,0.3313333333333333,0.621,0.44,79,37,93,49,0.5266666666666666,0.33035714285714285,0.62,0.4375
s14.jpg,s14_reSized.jpg,2000,1500,truck,150,112,1082,316,1291,599,8,0.541,0.21066666666666667,0.6455,0.3993333333333333,81,23,96,44,0.54,0.20535714285714285,0.64,0.39285714285714285
s14.jpg,s14_reSized.jpg,2000,1500,truck,150,112,424,415,600,584,8,0.212,0.2766666666666667,0.3,0.3893333333333333,31,30,44,43,0.20666666666666667,0.26785714285714285,0.29333333333333333,0.38392857142857145
s14.jpg,s14_reSized.jpg,2000,1500,truck,150,112,613,346,747,460,8,0.3065,0.23066666666666666,0.3735,0.30666666666666664,45,25,56,34,0.3,0.22321428571428573,0.37333333333333335,0.30357142857142855
s14.jpg,s14_reSized.jpg,2000,1500,truck,150,112,1033,186,1384,386,8,0.5165,0.124,0.6920000000000001,0.25733333333333336,77,13,103,28,0.5133333333333333,0.11607142857142858,0.6866666666666666,0.25
s14.jpg,s14_reSized.jpg,2000,1500,car,150,112,856,290,938,353,3,0.428,0.19333333333333333,0.469,0.2353333333333333,64,21,70,26,0.4266666666666667,0.1875,0.4666666666666667,0.23214285714285715
s14.jpg,s14_reSized.jpg,2000,1500,traffic light,150,112,1217,44,1250,106,10,0.6085,0.029333333333333333,0.625,0.07066666666666667,91,3,93,7,0.6066666666666667,0.026785714285714284,0.62,0.0625
s14.jpg,s14_reSized.jpg,2000,1500,traffic light,150,112,1368,54,1403,116,10,0.684,0.036000000000000004,0.7015,0.07733333333333334,102,4,105,8,0.68,0.03571428571428571,0.7,0.07142857142857142
s14.jpg,s14_reSized.jpg,2000,1500,traffic light,150,112,1105,56,1139,121,10,0.5525,0.037333333333333336,0.5695,0.08066666666666666,82,4,85,9,0.5466666666666666,0.03571428571428571,0.5666666666666667,0.08035714285714286
snowy_norway2.jpg,snowy_norway2_reSized.jpg,620,388,person,150,93,58,128,200,353,1,0.0935483870967742,0.32989690721649484,0.3225806451612903,0.9097938144329896,14,30,48,84,0.09333333333333334,0.3225806451612903,0.32,0.9032258064516129
snowy_norway2.jpg,snowy_norway2_reSized.jpg,620,388,car,150,93,459,109,509,153,3,0.7403225806451613,0.2809278350515464,0.8209677419354838,0.3943298969072165,111,26,123,36,0.74,0.27956989247311825,0.82,0.3870967741935484
snowy_norway2.jpg,snowy_norway2_reSized.jpg,620,388,car,150,93,375,99,419,138,3,0.6048387096774194,0.2551546391752577,0.6758064516129032,0.3556701030927835,90,23,101,33,0.6,0.24731182795698925,0.6733333333333333,0.3548387096774194
snowy_norway2.jpg,snowy_norway2_reSized.jpg,620,388,car,150,93,551,102,601,140,3,0.8887096774193548,0.26288659793814434,0.9693548387096774,0.3608247422680412,133,24,145,33,0.8866666666666667,0.25806451612903225,0.9666666666666667,0.3548387096774194
snowy_norway2.jpg,snowy_norway2_reSized.jpg,620,388,traffic light,150,93,458,13,475,44,10,0.7387096774193549,0.033505154639175264,0.7661290322580645,0.1134020618556701,110,3,114,10,0.7333333333333333,0.03225806451612903,0.76,0.10752688172043011
snowy_norway2.jpg,snowy_norway2_reSized.jpg,620,388,traffic light,150,93,522,14,536,43,10,0.8419354838709677,0.03608247422680412,0.8645161290322579,0.11082474226804123,126,3,129,10,0.84,0.03225806451612903,0.86,0.10752688172043011
snowy_norway2.jpg,snowy_norway2_reSized.jpg,620,388,truck,150,93,227,75,280,133,8,0.3661290322580645,0.19329896907216496,0.4516129032258064,0.3427835051546392,54,17,67,31,0.36,0.1827956989247312,0.44666666666666666,0.3333333333333333
s12.jpg,s12_reSized.jpg,960,640,car,150,100,264,351,343,409,3,0.275,0.5484375,0.3572916666666667,0.6390625,41,54,53,63,0.2733333333333333,0.54,0.35333333333333333,0.63
s12.jpg,s12_reSized.jpg,960,640,car,150,100,414,344,509,421,3,0.43125,0.5375,0.5302083333333333,0.6578125,64,53,79,65,0.4266666666666667,0.53,0.5266666666666666,0.65
s12.jpg,s12_reSized.jpg,960,640,car,150,100,363,347,407,381,3,0.378125,0.5421875,0.4239583333333333,0.5953125,56,54,63,59,0.37333333333333335,0.54,0.42,0.59
05640976-d1ce1090297.jpg,05640976-d1ce1090297_reSized.jpg,1280,720,car,150,84,254,276,398,375,3,0.1984375,0.38333333333333336,0.3109375,0.5208333333333334,29,32,46,43,0.19333333333333333,0.38095238095238093,0.30666666666666664,0.5119047619047619
05640976-d1ce1090297.jpg,05640976-d1ce1090297_reSized.jpg,1280,720,car,150,84,666,291,828,387,3,0.5203125,0.4041666666666667,0.646875,0.5375,78,33,97,45,0.52,0.39285714285714285,0.6466666666666666,0.5357142857142857
05640976-d1ce1090297.jpg,05640976-d1ce1090297_reSized.jpg,1280,720,car,150,84,492,292,547,342,3,0.384375,0.4055555555555556,0.42734375,0.475,57,34,64,39,0.38,0.40476190476190477,0.4266666666666667,0.4642857142857143
05640976-d1ce1090297.jpg,05640976-d1ce1090297_reSized.jpg,1280,720,car,150,84,617,292,679,347,3,0.48203125,0.4055555555555556,0.53046875,0.4819444444444445,72,34,79,40,0.48,0.40476190476190477,0.5266666666666666,0.47619047619047616
05640976-d1ce1090297.jpg,05640976-d1ce1090297_reSized.jpg,1280,720,car,150,84,374,293,431,358,3,0.2921875,0.4069444444444445,0.33671875,0.4972222222222222,43,34,50,41,0.2866666666666667,0.40476190476190477,0.3333333333333333,0.4880952380952381
05640976-d1ce10900.jpg,05640976-d1ce10900_reSized.jpg,1280,720,car,150,84,471,273,567,355,3,0.36796875,0.37916666666666665,0.44296875,0.4930555555555556,55,31,66,41,0.36666666666666664,0.36904761904761907,0.44,0.4880952380952381
05640976-d1ce10900.jpg,05640976-d1ce10900_reSized.jpg,1280,720,car,150,84,53,249,292,421,3,0.04140625,0.3458333333333333,0.228125,0.5847222222222223,6,29,34,49,0.04,0.34523809523809523,0.22666666666666666,0.5833333333333334
05640976-d1ce10900.jpg,05640976-d1ce10900_reSized.jpg,1280,720,car,150,84,780,233,1206,465,3,0.609375,0.3236111111111111,0.9421875,0.6458333333333334,91,27,141,54,0.6066666666666667,0.32142857142857145,0.94,0.6428571428571429
05640976-d1ce10900.jpg,05640976-d1ce10900_reSized.jpg,1280,720,car,150,84,615,277,691,335,3,0.48046875,0.38472222222222224,0.53984375,0.4652777777777778,72,32,80,39,0.48,0.38095238095238093,0.5333333333333333,0.4642857142857143
05640976-d1ce10900.jpg,05640976-d1ce10900_reSized.jpg,1280,720,car,150,84,242,267,362,360,3,0.1890625,0.37083333333333335,0.2828125,0.5,28,31,42,42,0.18666666666666668,0.36904761904761907,0.28,0.5
05640976-d1ce10900.jpg,05640976-d1ce10900_reSized.jpg,1280,720,car,150,84,320,269,398,340,3,0.25,0.3736111111111111,0.3109375,0.4722222222222222,37,31,46,39,0.24666666666666667,0.36904761904761907,0.30666666666666664,0.4642857142857143
05640976-d1ce10900.jpg,05640976-d1ce10900_reSized.jpg,1280,720,car,150,84,694,251,836,372,3,0.5421875,0.3486111111111111,0.653125,0.5166666666666667,81,29,97,43,0.54,0.34523809523809523,0.6466666666666666,0.5119047619047619
01eaedc9-a79a93e099.jpg,01eaedc9-a79a93e099_reSized.jpg,1280,720,car,150,84,290,324,464,435,3,0.2265625,0.45,0.3625,0.6041666666666666,33,37,54,50,0.22,0.44047619047619047,0.36,0.5952380952380952
01eaedc9-a79a93e099.jpg,01eaedc9-a79a93e099_reSized.jpg,1280,720,car,150,84,529,298,651,426,3,0.41328125,0.4138888888888889,0.50859375,0.5916666666666667,61,34,76,49,0.4066666666666667,0.40476190476190477,0.5066666666666667,0.5833333333333334
01eaedc9-a79a93e099.jpg,01eaedc9-a79a93e099_reSized.jpg,1280,720,motorcycle,150,84,649,381,741,495,4,0.50703125,0.5291666666666667,0.57890625,0.6875,76,44,86,57,0.5066666666666667,0.5238095238095238,0.5733333333333334,0.6785714285714286
01eaedc9-a79a93e099.jpg,01eaedc9-a79a93e099_reSized.jpg,1280,720,person,150,84,648,271,743,442,1,0.50625,0.3763888888888889,0.58046875,0.6138888888888889,75,31,87,51,0.5,0.36904761904761907,0.58,0.6071428571428571
01eaedc9-a79a93e099.jpg,01eaedc9-a79a93e099_reSized.jpg,1280,720,car,150,84,884,295,1277,508,3,0.690625,0.4097222222222222,0.99765625,0.7055555555555556,103,34,149,59,0.6866666666666666,0.40476190476190477,0.9933333333333333,0.7023809523809523
01eaedc9-a79a93e099.jpg,01eaedc9-a79a93e099_reSized.jpg,1280,720,car,150,84,808,290,1037,432,3,0.63125,0.4027777777777778,0.81015625,0.6,94,33,121,50,0.6266666666666667,0.39285714285714285,0.8066666666666666,0.5952380952380952
01eaedc9-a79a93e099.jpg,01eaedc9-a79a93e099_reSized.jpg,1280,720,traffic light,150,84,438,178,466,223,10,0.3421875,0.24722222222222226,0.3640625,0.30972222222222223,51,20,54,26,0.34,0.23809523809523808,0.36,0.30952380952380953
s3.jpg,s3_reSized.jpg,962,644,truck,150,100,81,228,517,540,8,0.0841995841995842,0.3540372670807453,0.5374220374220374,0.8385093167701864,12,35,80,83,0.08,0.35,0.5333333333333333,0.83
s6.jpg,s6_reSized.jpg,1028,675,person,150,98,437,308,521,483,1,0.4250972762645914,0.4562962962962963,0.5068093385214008,0.7155555555555555,63,44,76,70,0.42,0.4489795918367347,0.5066666666666667,0.7142857142857143
s6.jpg,s6_reSized.jpg,1028,675,truck,150,98,633,278,927,532,8,0.6157587548638133,0.4118518518518519,0.901750972762646,0.7881481481481482,92,40,135,77,0.6133333333333333,0.40816326530612246,0.9,0.7857142857142857
s6.jpg,s6_reSized.jpg,1028,675,car,150,98,550,311,654,416,3,0.5350194552529183,0.4607407407407407,0.6361867704280155,0.6162962962962963,80,45,95,60,0.5333333333333333,0.45918367346938777,0.6333333333333333,0.6122448979591837
s6.jpg,s6_reSized.jpg,1028,675,truck,150,98,892,295,1027,443,8,0.867704280155642,0.43703703703703706,0.9990272373540856,0.6562962962962963,130,42,149,64,0.8666666666666667,0.42857142857142855,0.9933333333333333,0.6530612244897959
00fbb190-8834f55b.jpg,00fbb190-8834f55b_reSized.jpg,1280,720,car,150,84,1,11,162,347,3,0.00078125,0.015277777777777776,0.1265625,0.4819444444444445,0,1,18,40,0.0,0.011904761904761904,0.12,0.47619047619047616
00fbb190-8834f55b.jpg,00fbb190-8834f55b_reSized.jpg,1280,720,car,150,84,197,96,398,260,3,0.15390625,0.13333333333333333,0.3109375,0.3611111111111111,23,11,46,30,0.15333333333333332,0.13095238095238096,0.30666666666666664,0.35714285714285715
00fbb190-8834f55b.jpg,00fbb190-8834f55b_reSized.jpg,1280,720,car,150,84,370,124,420,186,3,0.2890625,0.17222222222222222,0.328125,0.25833333333333336,43,14,49,21,0.2866666666666667,0.16666666666666666,0.32666666666666666,0.25
00fbb190-8834f55b.jpg,00fbb190-8834f55b_reSized.jpg,1280,720,truck,150,84,483,105,535,166,8,0.37734375,0.14583333333333334,0.41796875,0.2305555555555556,56,12,62,19,0.37333333333333335,0.14285714285714285,0.41333333333333333,0.2261904761904762
s48.jpg,s48_reSized.jpg,2000,1000,person,150,75,1432,257,1641,773,1,0.716,0.257,0.8205,0.773,107,19,123,57,0.7133333333333334,0.25333333333333335,0.82,0.76
s48.jpg,s48_reSized.jpg,2000,1000,car,150,75,6,256,810,820,3,0.003,0.256,0.405,0.82,0,19,60,61,0.0,0.25333333333333335,0.4,0.8133333333333334
s48.jpg,s48_reSized.jpg,2000,1000,stop sign,150,75,1171,132,1294,258,13,0.5855,0.132,0.647,0.258,87,9,97,19,0.58,0.12,0.6466666666666666,0.25333333333333335
s33.jpg,s33_reSized.jpg,547,350,car,150,95,146,215,249,304,3,0.26691042047531993,0.6142857142857143,0.4552102376599634,0.8685714285714285,40,58,68,82,0.26666666666666666,0.6105263157894737,0.4533333333333333,0.8631578947368421
s33.jpg,s33_reSized.jpg,547,350,car,150,95,303,235,416,283,3,0.5539305301645339,0.6714285714285714,0.7605118829981719,0.8085714285714286,83,63,114,76,0.5533333333333333,0.6631578947368421,0.76,0.8
s33.jpg,s33_reSized.jpg,547,350,traffic light,150,95,244,48,268,120,10,0.4460694698354662,0.13714285714285715,0.489945155393053,0.3428571428571429,66,13,73,32,0.44,0.1368421052631579,0.4866666666666667,0.3368421052631579
s33.jpg,s33_reSized.jpg,547,350,traffic light,150,95,375,72,397,119,10,0.6855575868372943,0.2057142857142857,0.7257769652650823,0.34,102,19,108,32,0.68,0.2,0.72,0.3368421052631579
s33.jpg,s33_reSized.jpg,547,350,car,150,95,11,228,147,282,3,0.02010968921389397,0.6514285714285715,0.2687385740402194,0.8057142857142857,3,61,40,76,0.02,0.6421052631578947,0.26666666666666666,0.8
s41.jpg,s41_reSized.jpg,590,332,car,150,84,272,232,333,279,3,0.4610169491525424,0.6987951807228916,0.5644067796610169,0.8403614457831325,69,58,84,70,0.46,0.6904761904761905,0.56,0.8333333333333334
s41.jpg,s41_reSized.jpg,590,332,car,150,84,370,236,464,320,3,0.6271186440677966,0.7108433734939759,0.7864406779661017,0.9638554216867471,94,59,117,80,0.6266666666666667,0.7023809523809523,0.78,0.9523809523809523
s41.jpg,s41_reSized.jpg,590,332,car,150,84,25,214,109,294,3,0.0423728813559322,0.6445783132530121,0.1847457627118644,0.8855421686746988,6,54,27,74,0.04,0.6428571428571429,0.18,0.8809523809523809
s41.jpg,s41_reSized.jpg,590,332,car,150,84,336,224,374,252,3,0.5694915254237288,0.6746987951807228,0.6338983050847458,0.7590361445783133,85,56,95,63,0.5666666666666667,0.6666666666666666,0.6333333333333333,0.75
snowy-norway1.jpg,snowy-norway1_reSized.jpg,720,445,car,150,92,25,275,261,370,3,0.034722222222222224,0.6179775280898876,0.3625,0.8314606741573034,5,56,54,76,0.03333333333333333,0.6086956521739131,0.36,0.8260869565217391
snowy-norway1.jpg,snowy-norway1_reSized.jpg,720,445,car,150,92,462,252,616,382,3,0.6416666666666667,0.5662921348314607,0.8555555555555555,0.8584269662921349,96,52,128,78,0.64,0.5652173913043478,0.8533333333333334,0.8478260869565217
snowy-norway1.jpg,snowy-norway1_reSized.jpg,720,445,car,150,92,583,245,658,326,3,0.8097222222222222,0.5505617977528089,0.9138888888888888,0.7325842696629213,121,50,137,67,0.8066666666666666,0.5434782608695652,0.9133333333333333,0.7282608695652174
01eaedc9-a79a93e0495.jpg,01eaedc9-a79a93e0495_reSized.jpg,1280,720,car,150,84,565,320,660,412,3,0.44140625,0.4444444444444444,0.515625,0.5722222222222222,66,37,77,48,0.44,0.44047619047619047,0.5133333333333333,0.5714285714285714
01eaedc9-a79a93e0495.jpg,01eaedc9-a79a93e0495_reSized.jpg,1280,720,traffic light,150,84,470,222,497,257,10,0.3671875,0.3083333333333333,0.38828125,0.35694444444444445,55,25,58,29,0.36666666666666664,0.2976190476190476,0.38666666666666666,0.34523809523809523
01eaedc9-a79a93e0495.jpg,01eaedc9-a79a93e0495_reSized.jpg,1280,720,traffic light,150,84,638,238,658,269,10,0.4984375,0.33055555555555555,0.5140625,0.3736111111111111,74,27,77,31,0.49333333333333335,0.32142857142857145,0.5133333333333333,0.36904761904761907
01eaedc9-a79a93e0495.jpg,01eaedc9-a79a93e0495_reSized.jpg,1280,720,person,150,84,856,320,882,383,1,0.66875,0.4444444444444444,0.6890625,0.5319444444444444,100,37,103,44,0.6666666666666666,0.44047619047619047,0.6866666666666666,0.5238095238095238
01eaedc9-a79a93e0495.jpg,01eaedc9-a79a93e0495_reSized.jpg,1280,720,car,150,84,234,338,353,411,3,0.1828125,0.4694444444444445,0.27578125,0.5708333333333333,27,39,41,47,0.18,0.4642857142857143,0.2733333333333333,0.5595238095238095
01eaedc9-a79a93e0495.jpg,01eaedc9-a79a93e0495_reSized.jpg,1280,720,person,150,84,802,336,823,374,1,0.6265625,0.4666666666666667,0.64296875,0.5194444444444445,93,39,96,43,0.62,0.4642857142857143,0.64,0.5119047619047619
01eaedc9-a79a93e0495.jpg,01eaedc9-a79a93e0495_reSized.jpg,1280,720,car,150,84,720,339,798,380,3,0.5625,0.4708333333333333,0.6234375,0.5277777777777778,84,39,93,44,0.56,0.4642857142857143,0.62,0.5238095238095238
s9.jpg,s9_reSized.jpg,1200,692,car,150,86,595,319,990,635,3,0.4958333333333334,0.4609826589595376,0.825,0.9176300578034682,74,39,123,78,0.49333333333333335,0.45348837209302323,0.82,0.9069767441860465
s16.jpg,s16_reSized.jpg,986,555,car,150,84,742,201,965,327,3,0.7525354969574036,0.3621621621621622,0.9787018255578094,0.5891891891891892,112,30,146,49,0.7466666666666667,0.35714285714285715,0.9733333333333334,0.5833333333333334
s16.jpg,s16_reSized.jpg,986,555,car,150,84,576,194,719,298,3,0.5841784989858012,0.34954954954954953,0.72920892494929,0.5369369369369369,87,29,109,45,0.58,0.34523809523809523,0.7266666666666667,0.5357142857142857
s16.jpg,s16_reSized.jpg,986,555,truck,150,84,430,208,521,276,8,0.436105476673428,0.3747747747747748,0.5283975659229209,0.4972972972972973,65,31,79,41,0.43333333333333335,0.36904761904761907,0.5266666666666666,0.4880952380952381
s16.jpg,s16_reSized.jpg,986,555,person,150,84,284,224,306,268,1,0.2880324543610548,0.4036036036036036,0.3103448275862069,0.4828828828828829,43,33,46,40,0.2866666666666667,0.39285714285714285,0.30666666666666664,0.47619047619047616
s16.jpg,s16_reSized.jpg,986,555,person,150,84,396,216,414,271,1,0.4016227180527384,0.3891891891891892,0.4198782961460446,0.4882882882882883,60,32,62,41,0.4,0.38095238095238093,0.41333333333333333,0.4880952380952381
s16.jpg,s16_reSized.jpg,986,555,car,150,84,317,221,411,272,3,0.32150101419878296,0.3981981981981982,0.4168356997971602,0.4900900900900901,48,33,62,41,0.32,0.39285714285714285,0.41333333333333333,0.4880952380952381
059286c1-7419d52e.jpg,059286c1-7419d52e_reSized.jpg,1280,720,car,150,84,346,399,499,502,3,0.2703125,0.5541666666666667,0.38984375,0.6972222222222222,40,46,58,58,0.26666666666666666,0.5476190476190477,0.38666666666666666,0.6904761904761905
s5.jpg,s5_reSized.jpg,920,613,person,150,99,532,465,563,546,1,0.5782608695652174,0.7585644371941273,0.6119565217391304,0.8907014681892332,86,75,91,88,0.5733333333333334,0.7575757575757576,0.6066666666666667,0.8888888888888888
05640976-d1ce1090495.jpg,05640976-d1ce1090495_reSized.jpg,1280,720,car,150,84,168,285,352,396,3,0.13125,0.3958333333333333,0.275,0.55,19,33,41,46,0.12666666666666668,0.39285714285714285,0.2733333333333333,0.5476190476190477
05640976-d1ce1090495.jpg,05640976-d1ce1090495_reSized.jpg,1280,720,car,150,84,647,295,776,363,3,0.50546875,0.4097222222222222,0.60625,0.5041666666666667,75,34,90,42,0.5,0.40476190476190477,0.6,0.5
05640976-d1ce1090495.jpg,05640976-d1ce1090495_reSized.jpg,1280,720,car,150,84,311,293,390,365,3,0.24296875,0.4069444444444445,0.3046875,0.5069444444444444,36,34,45,42,0.24,0.40476190476190477,0.3,0.5
05640976-d1ce1090495.jpg,05640976-d1ce1090495_reSized.jpg,1280,720,car,150,84,494,292,541,332,3,0.3859375,0.4055555555555556,0.42265625,0.4611111111111112,57,34,63,38,0.38,0.40476190476190477,0.42,0.4523809523809524
05640976-d1ce1090495.jpg,05640976-d1ce1090495_reSized.jpg,1280,720,traffic light,150,84,518,210,540,246,10,0.4046875,0.2916666666666667,0.421875,0.3416666666666667,60,24,63,28,0.4,0.2857142857142857,0.42,0.3333333333333333
s51.jpg,s51_reSized.jpg,625,352,car,150,84,113,70,393,307,3,0.1808,0.19886363636363635,0.6288,0.8721590909090909,27,16,94,73,0.18,0.19047619047619047,0.6266666666666667,0.8690476190476191
067ebca1-36bf70d8.jpg,067ebca1-36bf70d8_reSized.jpg,1280,720,car,150,84,525,313,1141,592,3,0.41015625,0.43472222222222223,0.89140625,0.8222222222222222,61,36,133,69,0.4066666666666667,0.42857142857142855,0.8866666666666667,0.8214285714285714
067ebca1-36bf70d8.jpg,067ebca1-36bf70d8_reSized.jpg,1280,720,traffic light,150,84,743,105,778,172,10,0.58046875,0.14583333333333334,0.6078125,0.2388888888888889,87,12,91,20,0.58,0.14285714285714285,0.6066666666666667,0.23809523809523808
067ebca1-36bf70d8.jpg,067ebca1-36bf70d8_reSized.jpg,1280,720,person,150,84,225,292,264,391,1,0.17578125,0.4055555555555556,0.20625,0.5430555555555555,26,34,30,45,0.17333333333333334,0.40476190476190477,0.2,0.5357142857142857
067ebca1-36bf70d8.jpg,067ebca1-36bf70d8_reSized.jpg,1280,720,person,150,84,296,307,324,385,1,0.23125,0.4263888888888889,0.253125,0.5347222222222222,34,35,37,44,0.22666666666666666,0.4166666666666667,0.24666666666666667,0.5238095238095238
067ebca1-36bf70d8.jpg,067ebca1-36bf70d8_reSized.jpg,1280,720,car,150,84,190,298,375,370,3,0.1484375,0.4138888888888889,0.29296875,0.5138888888888888,22,34,43,43,0.14666666666666667,0.40476190476190477,0.2866666666666667,0.5119047619047619
067ebca1-36bf70d8.jpg,067ebca1-36bf70d8_reSized.jpg,1280,720,car,150,84,2,304,194,369,3,0.0015625,0.4222222222222222,0.1515625,0.5125,0,35,22,43,0.0,0.4166666666666667,0.14666666666666667,0.5119047619047619
067ebca1-36bf70d8.jpg,067ebca1-36bf70d8_reSized.jpg,1280,720,car,150,84,1085,307,1224,372,3,0.84765625,0.4263888888888889,0.95625,0.5166666666666667,127,35,143,43,0.8466666666666667,0.4166666666666667,0.9533333333333334,0.5119047619047619
s52.jpg,s52_reSized.jpg,660,372,car,150,84,321,111,627,334,3,0.4863636363636364,0.2983870967741936,0.95,0.8978494623655914,72,25,142,75,0.48,0.2976190476190476,0.9466666666666667,0.8928571428571429
s52.jpg,s52_reSized.jpg,660,372,car,150,84,174,103,344,282,3,0.2636363636363636,0.2768817204301075,0.5212121212121212,0.7580645161290323,39,23,78,63,0.26,0.27380952380952384,0.52,0.75
s52.jpg,s52_reSized.jpg,660,372,car,150,84,87,96,190,244,3,0.1318181818181818,0.25806451612903225,0.2878787878787879,0.6559139784946236,19,21,43,55,0.12666666666666668,0.25,0.2866666666666667,0.6547619047619048
s29.jpg,s29_reSized.jpg,1118,502,car,150,67,631,385,716,442,3,0.5644007155635062,0.7669322709163346,0.6404293381037567,0.8804780876494024,84,51,96,58,0.56,0.7611940298507462,0.64,0.8656716417910447
s29.jpg,s29_reSized.jpg,1118,502,car,150,67,526,367,556,389,3,0.4704830053667263,0.7310756972111554,0.4973166368515206,0.7749003984063745,70,48,74,51,0.4666666666666667,0.7164179104477612,0.49333333333333335,0.7611940298507462
s20.jpg,s20_reSized.jpg,633,417,car,150,98,151,199,375,393,3,0.23854660347551346,0.4772182254196642,0.5924170616113744,0.9424460431654677,35,46,88,92,0.23333333333333334,0.46938775510204084,0.5866666666666667,0.9387755102040817
s20.jpg,s20_reSized.jpg,633,417,car,150,98,20,213,155,319,3,0.0315955766192733,0.5107913669064749,0.2448657187993681,0.7649880095923262,4,50,36,74,0.02666666666666667,0.5102040816326531,0.24,0.7551020408163265
s20.jpg,s20_reSized.jpg,633,417,person,150,98,406,197,464,305,1,0.6413902053712479,0.4724220623501199,0.7330173775671406,0.7314148681055156,96,46,109,71,0.64,0.46938775510204084,0.7266666666666667,0.7244897959183674
0718ab33-bbd7e0ae.jpg,0718ab33-bbd7e0ae_reSized.jpg,1280,720,car,150,84,740,312,947,404,3,0.578125,0.43333333333333335,0.73984375,0.5611111111111111,86,36,110,47,0.5733333333333334,0.42857142857142855,0.7333333333333333,0.5595238095238095
0718ab33-bbd7e0ae.jpg,0718ab33-bbd7e0ae_reSized.jpg,1280,720,car,150,84,1037,278,1278,503,3,0.81015625,0.3861111111111111,0.9984375,0.6986111111111111,121,32,149,58,0.8066666666666666,0.38095238095238093,0.9933333333333333,0.6904761904761905
0718ab33-bbd7e0ae.jpg,0718ab33-bbd7e0ae_reSized.jpg,1280,720,car,150,84,629,323,677,363,3,0.49140625,0.4486111111111111,0.52890625,0.5041666666666667,73,37,79,42,0.4866666666666667,0.44047619047619047,0.5266666666666666,0.5
03af3912-36636dd50.jpg,03af3912-36636dd50_reSized.jpg,1280,720,car,150,84,833,315,976,417,3,0.65078125,0.4375,0.7625,0.5791666666666667,97,36,114,48,0.6466666666666666,0.42857142857142855,0.76,0.5714285714285714
03af3912-36636dd50.jpg,03af3912-36636dd50_reSized.jpg,1280,720,car,150,84,141,297,299,428,3,0.11015625,0.4125,0.23359375,0.5944444444444444,16,34,35,49,0.10666666666666667,0.40476190476190477,0.23333333333333334,0.5833333333333334
03af3912-36636dd50.jpg,03af3912-36636dd50_reSized.jpg,1280,720,car,150,84,298,314,397,395,3,0.2328125,0.4361111111111111,0.31015625,0.5486111111111112,34,36,46,46,0.22666666666666666,0.42857142857142855,0.30666666666666664,0.5476190476190477
03af3912-36636dd50.jpg,03af3912-36636dd50_reSized.jpg,1280,720,car,150,84,789,306,871,382,3,0.61640625,0.425,0.68046875,0.5305555555555556,92,35,102,44,0.6133333333333333,0.4166666666666667,0.68,0.5238095238095238
03af3912-36636dd50.jpg,03af3912-36636dd50_reSized.jpg,1280,720,traffic light,150,84,696,220,724,264,10,0.54375,0.3055555555555556,0.565625,0.36666666666666653,81,25,84,30,0.54,0.2976190476190476,0.56,0.35714285714285715
03af3912-36636dd50.jpg,03af3912-36636dd50_reSized.jpg,1280,720,car,150,84,735,320,769,347,3,0.57421875,0.4444444444444444,0.60078125,0.4819444444444445,86,37,90,40,0.5733333333333334,0.44047619047619047,0.6,0.47619047619047616
snowy-norway2.jpg,snowy-norway2_reSized.jpg,700,437,car,150,93,365,227,595,411,3,0.5214285714285715,0.5194508009153318,0.85,0.9405034324942791,78,48,127,87,0.52,0.5161290322580645,0.8466666666666667,0.9354838709677419
snowy-norway2.jpg,snowy-norway2_reSized.jpg,700,437,car,150,93,222,260,321,344,3,0.3171428571428571,0.5949656750572082,0.4585714285714286,0.7871853546910755,47,55,68,73,0.31333333333333335,0.5913978494623656,0.4533333333333333,0.7849462365591398
snowy-norway2.jpg,snowy-norway2_reSized.jpg,700,437,car,150,93,179,274,234,315,3,0.2557142857142857,0.6270022883295194,0.3342857142857143,0.7208237986270023,38,58,50,67,0.25333333333333335,0.6236559139784946,0.3333333333333333,0.7204301075268817
s56.jpg,s56_reSized.jpg,640,360,car,150,84,146,113,353,293,3,0.228125,0.3138888888888889,0.5515625,0.8138888888888889,34,26,82,68,0.22666666666666666,0.30952380952380953,0.5466666666666666,0.8095238095238095
s56.jpg,s56_reSized.jpg,640,360,car,150,84,327,147,408,256,3,0.5109375,0.4083333333333333,0.6375,0.7111111111111111,76,34,95,59,0.5066666666666667,0.40476190476190477,0.6333333333333333,0.7023809523809523
s56.jpg,s56_reSized.jpg,640,360,car,150,84,384,147,488,238,3,0.6,0.4083333333333333,0.7625,0.6611111111111111,90,34,114,55,0.6,0.40476190476190477,0.76,0.6547619047619048
s56.jpg,s56_reSized.jpg,640,360,truck,150,84,72,70,180,173,8,0.1125,0.19444444444444445,0.28125,0.4805555555555556,16,16,42,40,0.10666666666666667,0.19047619047619047,0.28,0.47619047619047616
s56.jpg,s56_reSized.jpg,640,360,truck,150,84,435,104,532,184,8,0.6796875,0.2888888888888889,0.83125,0.5111111111111111,101,24,124,42,0.6733333333333333,0.2857142857142857,0.8266666666666667,0.5
s56.jpg,s56_reSized.jpg,640,360,car,150,84,367,89,435,143,3,0.5734375,0.24722222222222226,0.6796875,0.3972222222222222,86,20,101,33,0.5733333333333334,0.23809523809523808,0.6733333333333333,0.39285714285714285
s35.jpg,s35_reSized.jpg,800,600,car,150,112,494,230,636,330,3,0.6175,0.38333333333333336,0.795,0.55,92,42,119,61,0.6133333333333333,0.375,0.7933333333333333,0.5446428571428571
s35.jpg,s35_reSized.jpg,800,600,car,150,112,251,233,318,277,3,0.31375,0.3883333333333333,0.3975,0.4616666666666666,47,43,59,51,0.31333333333333335,0.38392857142857145,0.3933333333333333,0.45535714285714285
05640976-d1ce1090990.jpg,05640976-d1ce1090990_reSized.jpg,1280,720,car,150,84,241,296,380,391,3,0.18828125,0.4111111111111111,0.296875,0.5430555555555555,28,34,44,45,0.18666666666666668,0.40476190476190477,0.29333333333333333,0.5357142857142857
05640976-d1ce1090990.jpg,05640976-d1ce1090990_reSized.jpg,1280,720,car,150,84,474,302,591,390,3,0.3703125,0.4194444444444445,0.46171875,0.5416666666666666,55,35,69,45,0.36666666666666664,0.4166666666666667,0.46,0.5357142857142857
05640976-d1ce1090990.jpg,05640976-d1ce1090990_reSized.jpg,1280,720,car,150,84,620,313,699,360,3,0.484375,0.43472222222222223,0.54609375,0.5,72,36,81,42,0.48,0.42857142857142855,0.54,0.5
05640976-d1ce1090990.jpg,05640976-d1ce1090990_reSized.jpg,1280,720,car,150,84,385,310,452,364,3,0.30078125,0.4305555555555556,0.353125,0.5055555555555555,45,36,52,42,0.3,0.42857142857142855,0.3466666666666667,0.5
s53.jpg,s53_reSized.jpg,640,426,car,150,99,207,221,348,343,3,0.3234375,0.5187793427230047,0.54375,0.8051643192488263,48,51,81,79,0.32,0.5151515151515151,0.54,0.797979797979798
s53.jpg,s53_reSized.jpg,640,426,car,150,99,354,225,404,279,3,0.553125,0.528169014084507,0.63125,0.6549295774647887,82,52,94,64,0.5466666666666666,0.5252525252525253,0.6266666666666667,0.6464646464646465
0798a3a8-c4501e0f.jpg,0798a3a8-c4501e0f_reSized.jpg,1280,720,car,150,84,1,376,98,564,3,0.00078125,0.5222222222222223,0.0765625,0.7833333333333333,0,43,11,65,0.0,0.5119047619047619,0.07333333333333333,0.7738095238095238
0798a3a8-c4501e0f.jpg,0798a3a8-c4501e0f_reSized.jpg,1280,720,car,150,84,27,380,216,513,3,0.02109375,0.5277777777777778,0.16875,0.7125,3,44,25,59,0.02,0.5238095238095238,0.16666666666666666,0.7023809523809523
0798a3a8-c4501e0f.jpg,0798a3a8-c4501e0f_reSized.jpg,1280,720,car,150,84,246,363,375,491,3,0.1921875,0.5041666666666667,0.29296875,0.6819444444444445,28,42,43,57,0.18666666666666668,0.5,0.2866666666666667,0.6785714285714286
0798a3a8-c4501e0f.jpg,0798a3a8-c4501e0f_reSized.jpg,1280,720,car,150,84,374,363,646,570,3,0.2921875,0.5041666666666667,0.5046875,0.7916666666666666,43,42,75,66,0.2866666666666667,0.5,0.5,0.7857142857142857
0798a3a8-c4501e0f.jpg,0798a3a8-c4501e0f_reSized.jpg,1280,720,car,150,84,662,370,844,441,3,0.5171875,0.5138888888888888,0.659375,0.6125,77,43,98,51,0.5133333333333333,0.5119047619047619,0.6533333333333333,0.6071428571428571
0798a3a8-c4501e0f.jpg,0798a3a8-c4501e0f_reSized.jpg,1280,720,person,150,84,602,374,641,425,1,0.4703125,0.5194444444444445,0.50078125,0.5902777777777778,70,43,75,49,0.4666666666666667,0.5119047619047619,0.5,0.5833333333333334
0798a3a8-c4501e0f.jpg,0798a3a8-c4501e0f_reSized.jpg,1280,720,traffic light,150,84,172,277,191,313,10,0.134375,0.38472222222222224,0.14921875,0.43472222222222223,20,32,22,36,0.13333333333333333,0.38095238095238093,0.14666666666666667,0.42857142857142855
0798a3a8-c4501e0f.jpg,0798a3a8-c4501e0f_reSized.jpg,1280,720,person,150,84,895,364,930,440,1,0.69921875,0.5055555555555555,0.7265625,0.6111111111111112,104,42,108,51,0.6933333333333334,0.5,0.72,0.6071428571428571
s26.jpg,s26_reSized.jpg,640,424,car,150,99,270,194,318,230,3,0.421875,0.4575471698113208,0.496875,0.5424528301886793,63,45,74,53,0.42,0.45454545454545453,0.49333333333333335,0.5353535353535354
s42.jpg,s42_reSized.jpg,1862,1048,car,150,84,847,153,1688,905,3,0.4548872180451128,0.14599236641221375,0.9065520945220192,0.8635496183206107,68,12,135,72,0.4533333333333333,0.14285714285714285,0.9,0.8571428571428571
s42.jpg,s42_reSized.jpg,1862,1048,person,150,84,134,158,446,818,1,0.0719656283566058,0.15076335877862596,0.2395273899033297,0.7805343511450382,10,12,35,65,0.06666666666666667,0.14285714285714285,0.23333333333333334,0.7738095238095238
s8.jpg,s8_reSized.jpg,630,452,car,150,107,1,144,198,428,3,0.0015873015873015873,0.3185840707964602,0.3142857142857143,0.9469026548672568,0,34,47,101,0.0,0.3177570093457944,0.31333333333333335,0.9439252336448598
s8.jpg,s8_reSized.jpg,630,452,person,150,107,394,179,484,398,1,0.6253968253968254,0.39601769911504425,0.7682539682539683,0.8805309734513275,93,42,115,94,0.62,0.3925233644859813,0.7666666666666667,0.8785046728971962
s8.jpg,s8_reSized.jpg,630,452,car,150,107,178,170,339,301,3,0.2825396825396825,0.3761061946902655,0.5380952380952381,0.665929203539823,42,40,80,71,0.28,0.37383177570093457,0.5333333333333333,0.6635514018691588
01eaedc9-a79a93e0198.jpg,01eaedc9-a79a93e0198_reSized.jpg,1280,720,car,150,84,1,329,330,578,3,0.00078125,0.4569444444444444,0.2578125,0.8027777777777778,0,38,38,67,0.0,0.4523809523809524,0.25333333333333335,0.7976190476190477
01eaedc9-a79a93e0198.jpg,01eaedc9-a79a93e0198_reSized.jpg,1280,720,traffic light,150,84,299,58,365,140,10,0.23359375,0.08055555555555556,0.28515625,0.19444444444444445,35,6,42,16,0.23333333333333334,0.07142857142857142,0.28,0.19047619047619047
01eaedc9-a79a93e0198.jpg,01eaedc9-a79a93e0198_reSized.jpg,1280,720,traffic light,150,84,610,155,658,203,10,0.4765625,0.2152777777777778,0.5140625,0.28194444444444444,71,18,77,23,0.47333333333333333,0.21428571428571427,0.5133333333333333,0.27380952380952384
01eaedc9-a79a93e0198.jpg,01eaedc9-a79a93e0198_reSized.jpg,1280,720,car,150,84,588,318,689,414,3,0.459375,0.44166666666666665,0.53828125,0.575,68,37,80,48,0.4533333333333333,0.44047619047619047,0.5333333333333333,0.5714285714285714
01eaedc9-a79a93e0198.jpg,01eaedc9-a79a93e0198_reSized.jpg,1280,720,motorcycle,150,84,711,386,835,561,4,0.55546875,0.5361111111111111,0.65234375,0.7791666666666667,83,45,97,65,0.5533333333333333,0.5357142857142857,0.6466666666666666,0.7738095238095238
01eaedc9-a79a93e0198.jpg,01eaedc9-a79a93e0198_reSized.jpg,1280,720,person,150,84,705,258,834,500,1,0.55078125,0.3583333333333333,0.6515625,0.6944444444444444,82,30,97,58,0.5466666666666666,0.35714285714285715,0.6466666666666666,0.6904761904761905
01eaedc9-a79a93e0198.jpg,01eaedc9-a79a93e0198_reSized.jpg,1280,720,car,150,84,911,304,1280,536,3,0.71171875,0.4222222222222222,1.0,0.7444444444444445,106,35,150,62,0.7066666666666667,0.4166666666666667,1.0,0.7380952380952381
01eaedc9-a79a93e0198.jpg,01eaedc9-a79a93e0198_reSized.jpg,1280,720,car,150,84,557,343,587,367,3,0.43515625,0.4763888888888889,0.45859375,0.5097222222222222,65,40,68,42,0.43333333333333335,0.47619047619047616,0.4533333333333333,0.5
01eaedc9-a79a93e0198.jpg,01eaedc9-a79a93e0198_reSized.jpg,1280,720,car,150,84,397,335,474,383,3,0.31015625,0.4652777777777778,0.3703125,0.5319444444444444,46,39,55,44,0.30666666666666664,0.4642857142857143,0.36666666666666664,0.5238095238095238
023d0f3c-564e6d31.jpg,023d0f3c-564e6d31_reSized.jpg,1280,720,car,150,84,3,320,375,626,3,0.00234375,0.4444444444444444,0.29296875,0.8694444444444445,0,37,43,73,0.0,0.44047619047619047,0.2866666666666667,0.8690476190476191
023d0f3c-564e6d31.jpg,023d0f3c-564e6d31_reSized.jpg,1280,720,car,150,84,266,352,545,508,3,0.2078125,0.4888888888888889,0.42578125,0.7055555555555556,31,41,63,59,0.20666666666666667,0.4880952380952381,0.42,0.7023809523809523
023d0f3c-564e6d31.jpg,023d0f3c-564e6d31_reSized.jpg,1280,720,car,150,84,457,343,624,466,3,0.35703125,0.4763888888888889,0.4875,0.6472222222222223,53,40,73,54,0.35333333333333333,0.47619047619047616,0.4866666666666667,0.6428571428571429
023d0f3c-564e6d31.jpg,023d0f3c-564e6d31_reSized.jpg,1280,720,car,150,84,602,367,669,448,3,0.4703125,0.5097222222222222,0.52265625,0.6222222222222222,70,42,78,52,0.4666666666666667,0.5,0.52,0.6190476190476191
023d0f3c-564e6d31.jpg,023d0f3c-564e6d31_reSized.jpg,1280,720,car,150,84,649,369,729,434,3,0.50703125,0.5125,0.56953125,0.6027777777777777,76,43,85,50,0.5066666666666667,0.5119047619047619,0.5666666666666667,0.5952380952380952
023d0f3c-564e6d31.jpg,023d0f3c-564e6d31_reSized.jpg,1280,720,car,150,84,1112,378,1278,497,3,0.86875,0.525,0.9984375,0.6902777777777778,130,44,149,57,0.8666666666666667,0.5238095238095238,0.9933333333333333,0.6785714285714286
023d0f3c-564e6d31.jpg,023d0f3c-564e6d31_reSized.jpg,1280,720,car,150,84,1014,365,1153,481,3,0.7921875,0.5069444444444444,0.90078125,0.6680555555555555,118,42,135,56,0.7866666666666666,0.5,0.9,0.6666666666666666
023d0f3c-564e6d31.jpg,023d0f3c-564e6d31_reSized.jpg,1280,720,car,150,84,973,379,1039,451,3,0.76015625,0.5263888888888889,0.81171875,0.6263888888888889,114,44,121,52,0.76,0.5238095238095238,0.8066666666666666,0.6190476190476191
s39.jpg,s39_reSized.jpg,682,282,car,150,62,245,145,327,207,3,0.3592375366568915,0.5141843971631206,0.4794721407624634,0.7340425531914894,53,31,71,45,0.35333333333333333,0.5,0.47333333333333333,0.7258064516129032
s39.jpg,s39_reSized.jpg,682,282,car,150,62,319,153,357,195,3,0.4677419354838709,0.5425531914893617,0.5234604105571847,0.6914893617021277,70,33,78,42,0.4666666666666667,0.532258064516129,0.52,0.6774193548387096
s39.jpg,s39_reSized.jpg,682,282,car,150,62,422,166,456,195,3,0.6187683284457478,0.5886524822695035,0.6686217008797654,0.6914893617021277,92,36,100,42,0.6133333333333333,0.5806451612903226,0.6666666666666666,0.6774193548387096
0798a3a8-5a64671d.jpg,0798a3a8-5a64671d_reSized.jpg,1280,720,car,150,84,226,372,456,557,3,0.1765625,0.5166666666666667,0.35625,0.7736111111111111,26,43,53,64,0.17333333333333334,0.5119047619047619,0.35333333333333333,0.7619047619047619
0798a3a8-5a64671d.jpg,0798a3a8-5a64671d_reSized.jpg,1280,720,truck,150,84,449,343,493,398,8,0.35078125,0.4763888888888889,0.38515625,0.5527777777777778,52,40,57,46,0.3466666666666667,0.47619047619047616,0.38,0.5476190476190477
0798a3a8-5a64671d.jpg,0798a3a8-5a64671d_reSized.jpg,1280,720,person,150,84,920,337,950,433,1,0.71875,0.4680555555555556,0.7421875,0.6013888888888889,107,39,111,50,0.7133333333333334,0.4642857142857143,0.74,0.5952380952380952
0798a3a8-5a64671d.jpg,0798a3a8-5a64671d_reSized.jpg,1280,720,person,150,84,750,348,780,405,1,0.5859375,0.4833333333333333,0.609375,0.5625,87,40,91,47,0.58,0.47619047619047616,0.6066666666666667,0.5595238095238095
0798a3a8-5a64671d.jpg,0798a3a8-5a64671d_reSized.jpg,1280,720,person,150,84,772,344,802,402,1,0.603125,0.4777777777777778,0.6265625,0.5583333333333333,90,40,93,46,0.6,0.47619047619047616,0.62,0.5476190476190477
s47.jpg,s47_reSized.jpg,960,640,car,150,100,564,384,850,610,3,0.5875,0.6,0.8854166666666666,0.953125,88,60,132,95,0.5866666666666667,0.6,0.88,0.95
s47.jpg,s47_reSized.jpg,960,640,car,150,100,35,396,290,564,3,0.036458333333333336,0.61875,0.3020833333333333,0.88125,5,61,45,88,0.03333333333333333,0.61,0.3,0.88
s47.jpg,s47_reSized.jpg,960,640,car,150,100,247,384,376,491,3,0.25729166666666664,0.6,0.39166666666666666,0.7671875,38,60,58,76,0.25333333333333335,0.6,0.38666666666666666,0.76
s47.jpg,s47_reSized.jpg,960,640,traffic light,150,100,597,287,609,319,10,0.621875,0.4484375,0.634375,0.4984375,93,44,95,49,0.62,0.44,0.6333333333333333,0.49
s47.jpg,s47_reSized.jpg,960,640,car,150,100,362,385,451,464,3,0.3770833333333333,0.6015625,0.4697916666666666,0.725,56,60,70,72,0.37333333333333335,0.6,0.4666666666666667,0.72
05640976-d1ce1090693.jpg,05640976-d1ce1090693_reSized.jpg,1280,720,car,150,84,23,263,282,425,3,0.01796875,0.36527777777777776,0.2203125,0.5902777777777778,2,30,33,49,0.013333333333333334,0.35714285714285715,0.22,0.5833333333333334
05640976-d1ce1090693.jpg,05640976-d1ce1090693_reSized.jpg,1280,720,car,150,84,207,259,356,381,3,0.16171875,0.3597222222222222,0.278125,0.5291666666666667,24,30,41,44,0.16,0.35714285714285715,0.2733333333333333,0.5238095238095238
05640976-d1ce1090693.jpg,05640976-d1ce1090693_reSized.jpg,1280,720,car,150,84,317,275,396,355,3,0.24765625,0.3819444444444444,0.309375,0.4930555555555556,37,32,46,41,0.24666666666666667,0.38095238095238093,0.30666666666666664,0.4880952380952381
05640976-d1ce1090693.jpg,05640976-d1ce1090693_reSized.jpg,1280,720,car,150,84,489,294,532,329,3,0.38203125,0.4083333333333333,0.415625,0.4569444444444444,57,34,62,38,0.38,0.40476190476190477,0.41333333333333333,0.4523809523809524
05640976-d1ce1090693.jpg,05640976-d1ce1090693_reSized.jpg,1280,720,car,150,84,733,256,993,441,3,0.57265625,0.3555555555555556,0.77578125,0.6125,85,29,116,51,0.5666666666666667,0.34523809523809523,0.7733333333333333,0.6071428571428571
05640976-d1ce1090693.jpg,05640976-d1ce1090693_reSized.jpg,1280,720,car,150,84,933,255,1278,540,3,0.72890625,0.3541666666666667,0.9984375,0.75,109,29,149,63,0.7266666666666667,0.34523809523809523,0.9933333333333333,0.75
05640976-d1ce1090693.jpg,05640976-d1ce1090693_reSized.jpg,1280,720,car,150,84,407,294,450,323,3,0.31796875,0.4083333333333333,0.3515625,0.4486111111111111,47,34,52,37,0.31333333333333335,0.40476190476190477,0.3466666666666667,0.44047619047619047
057eea5e-7fe988ad.jpg,057eea5e-7fe988ad_reSized.jpg,1280,720,car,150,84,110,255,187,306,3,0.0859375,0.3541666666666667,0.14609375,0.425,12,29,21,35,0.08,0.34523809523809523,0.14,0.4166666666666667
057eea5e-7fe988ad.jpg,057eea5e-7fe988ad_reSized.jpg,1280,720,car,150,84,217,253,311,292,3,0.16953125,0.3513888888888889,0.24296875,0.4055555555555556,25,29,36,34,0.16666666666666666,0.34523809523809523,0.24,0.40476190476190477
s27.jpg,s27_reSized.jpg,660,372,truck,150,84,180,169,322,324,8,0.2727272727272727,0.4543010752688172,0.4878787878787879,0.8709677419354839,40,38,73,73,0.26666666666666666,0.4523809523809524,0.4866666666666667,0.8690476190476191
s27.jpg,s27_reSized.jpg,660,372,car,150,84,464,265,524,308,3,0.703030303030303,0.7123655913978495,0.7939393939393941,0.8279569892473119,105,59,119,69,0.7,0.7023809523809523,0.7933333333333333,0.8214285714285714
05640976-d1ce1090198.jpg,05640976-d1ce1090198_reSized.jpg,1280,720,car,150,84,3,231,263,480,3,0.00234375,0.32083333333333336,0.20546875,0.6666666666666666,0,26,30,56,0.0,0.30952380952380953,0.2,0.6666666666666666
05640976-d1ce1090198.jpg,05640976-d1ce1090198_reSized.jpg,1280,720,car,150,84,199,274,337,404,3,0.15546875,0.3805555555555555,0.26328125,0.5611111111111111,23,31,39,47,0.15333333333333332,0.36904761904761907,0.26,0.5595238095238095
05640976-d1ce1090198.jpg,05640976-d1ce1090198_reSized.jpg,1280,720,car,150,84,298,290,387,378,3,0.2328125,0.4027777777777778,0.30234375,0.525,34,33,45,44,0.22666666666666666,0.39285714285714285,0.3,0.5238095238095238
05640976-d1ce1090198.jpg,05640976-d1ce1090198_reSized.jpg,1280,720,car,150,84,487,294,562,358,3,0.38046875,0.4083333333333333,0.4390625,0.4972222222222222,57,34,65,41,0.38,0.40476190476190477,0.43333333333333335,0.4880952380952381
05640976-d1ce1090198.jpg,05640976-d1ce1090198_reSized.jpg,1280,720,car,150,84,782,248,1164,450,3,0.6109375,0.34444444444444444,0.909375,0.625,91,28,136,52,0.6066666666666667,0.3333333333333333,0.9066666666666666,0.6190476190476191
05640976-d1ce1090198.jpg,05640976-d1ce1090198_reSized.jpg,1280,720,car,150,84,697,289,833,402,3,0.54453125,0.4013888888888889,0.65078125,0.5583333333333333,81,33,97,46,0.54,0.39285714285714285,0.6466666666666666,0.5476190476190477
05640976-d1ce1090198.jpg,05640976-d1ce1090198_reSized.jpg,1280,720,car,150,84,636,291,738,367,3,0.496875,0.4041666666666667,0.5765625,0.5097222222222222,74,33,86,42,0.49333333333333335,0.39285714285714285,0.5733333333333334,0.5
05640976-d1ce1090198.jpg,05640976-d1ce1090198_reSized.jpg,1280,720,traffic light,150,84,384,134,415,188,10,0.3,0.18611111111111112,0.32421875,0.2611111111111111,45,15,48,21,0.3,0.17857142857142858,0.32,0.25
05640976-d1ce1090198.jpg,05640976-d1ce1090198_reSized.jpg,1280,720,traffic light,150,84,602,163,624,205,10,0.4703125,0.2263888888888889,0.4875,0.2847222222222222,70,19,73,23,0.4666666666666667,0.2261904761904762,0.4866666666666667,0.27380952380952384
s18.jpg,s18_reSized.jpg,1070,747,person,150,104,698,320,833,651,1,0.6523364485981309,0.42838018741633205,0.7785046728971963,0.8714859437751004,97,44,116,90,0.6466666666666666,0.4230769230769231,0.7733333333333333,0.8653846153846154
s18.jpg,s18_reSized.jpg,1070,747,truck,150,104,496,366,656,494,8,0.4635514018691589,0.4899598393574297,0.6130841121495327,0.6613119143239625,69,50,91,68,0.46,0.4807692307692308,0.6066666666666667,0.6538461538461539
s18.jpg,s18_reSized.jpg,1070,747,traffic light,150,104,337,70,376,155,10,0.3149532710280374,0.09370816599732262,0.3514018691588785,0.2074966532797858,47,9,52,21,0.31333333333333335,0.08653846153846154,0.3466666666666667,0.20192307692307693
s18.jpg,s18_reSized.jpg,1070,747,traffic light,150,104,610,62,648,147,10,0.5700934579439252,0.08299866131191433,0.6056074766355141,0.19678714859437751,85,8,90,20,0.5666666666666667,0.07692307692307693,0.6,0.19230769230769232
s23.jpg,s23_reSized.jpg,1200,800,car,150,100,835,511,1001,642,3,0.6958333333333333,0.63875,0.8341666666666666,0.8025,104,63,125,80,0.6933333333333334,0.63,0.8333333333333334,0.8
s36.jpg,s36_reSized.jpg,1500,1000,person,150,100,758,329,898,561,1,0.5053333333333333,0.32899999999999996,0.5986666666666667,0.561,75,32,89,56,0.5,0.32,0.5933333333333334,0.56
s36.jpg,s36_reSized.jpg,1500,1000,car,150,100,950,332,1135,528,3,0.6333333333333333,0.332,0.7566666666666667,0.528,94,33,113,52,0.6266666666666667,0.33,0.7533333333333333,0.52
03a5976c-6d4c6239.jpg,03a5976c-6d4c6239_reSized.jpg,1280,720,car,150,84,354,332,620,497,3,0.2765625,0.4611111111111112,0.484375,0.6902777777777778,41,38,72,57,0.2733333333333333,0.4523809523809524,0.48,0.6785714285714286
03a5976c-6d4c6239.jpg,03a5976c-6d4c6239_reSized.jpg,1280,720,person,150,84,899,367,936,446,1,0.70234375,0.5097222222222222,0.73125,0.6194444444444445,105,42,109,52,0.7,0.5,0.7266666666666667,0.6190476190476191
03a5976c-6d4c6239.jpg,03a5976c-6d4c6239_reSized.jpg,1280,720,car,150,84,950,363,1116,478,3,0.7421875,0.5041666666666667,0.871875,0.6638888888888889,111,42,130,55,0.74,0.5,0.8666666666666667,0.6547619047619048
03a5976c-6d4c6239.jpg,03a5976c-6d4c6239_reSized.jpg,1280,720,car,150,84,719,361,776,412,3,0.56171875,0.5013888888888889,0.60625,0.5722222222222222,84,42,90,48,0.56,0.5,0.6,0.5714285714285714
s43.jpg,s43_reSized.jpg,1280,842,car,150,98,461,434,914,732,3,0.36015625,0.5154394299287411,0.7140625,0.8693586698337292,54,50,107,85,0.36,0.5102040816326531,0.7133333333333334,0.8673469387755102
s43.jpg,s43_reSized.jpg,1280,842,car,150,98,53,403,233,499,3,0.04140625,0.4786223277909738,0.18203125,0.5926365795724465,6,46,27,58,0.04,0.46938775510204084,0.18,0.5918367346938775
s43.jpg,s43_reSized.jpg,1280,842,traffic light,150,98,589,330,613,368,10,0.46015625,0.3919239904988123,0.47890625,0.4370546318289785,69,38,71,42,0.46,0.3877551020408163,0.47333333333333333,0.42857142857142855
s43.jpg,s43_reSized.jpg,1280,842,car,150,98,880,432,981,500,3,0.6875,0.5130641330166271,0.76640625,0.5938242280285035,103,50,114,58,0.6866666666666666,0.5102040816326531,0.76,0.5918367346938775
03a5976c-6d4c62390.jpg,03a5976c-6d4c62390_reSized.jpg,1280,720,car,150,84,57,289,450,541,3,0.04453125,0.4013888888888889,0.3515625,0.7513888888888889,6,33,52,63,0.04,0.39285714285714285,0.3466666666666667,0.75
03a5976c-6d4c62390.jpg,03a5976c-6d4c62390_reSized.jpg,1280,720,car,150,84,798,365,1215,598,3,0.6234375,0.5069444444444444,0.94921875,0.8305555555555556,93,42,142,69,0.62,0.5,0.9466666666666667,0.8214285714285714
03a5976c-6d4c62390.jpg,03a5976c-6d4c62390_reSized.jpg,1280,720,car,150,84,655,351,712,398,3,0.51171875,0.4875,0.55625,0.5527777777777778,76,40,83,46,0.5066666666666667,0.47619047619047616,0.5533333333333333,0.5476190476190477
03a5976c-6d4c62390.jpg,03a5976c-6d4c62390_reSized.jpg,1280,720,car,150,84,457,335,555,405,3,0.35703125,0.4652777777777778,0.43359375,0.5625,53,39,65,47,0.35333333333333333,0.4642857142857143,0.43333333333333335,0.5595238095238095
03a5976c-6d4c62390.jpg,03a5976c-6d4c62390_reSized.jpg,1280,720,car,150,84,605,352,640,382,3,0.47265625,0.4888888888888889,0.5,0.5305555555555556,70,41,75,44,0.4666666666666667,0.4880952380952381,0.5,0.5238095238095238
03a5976c-6d4c62390.jpg,03a5976c-6d4c62390_reSized.jpg,1280,720,car,150,84,769,367,836,421,3,0.60078125,0.5097222222222222,0.653125,0.5847222222222223,90,42,97,49,0.6,0.5,0.6466666666666666,0.5833333333333334
s11.jpg,s11_reSized.jpg,750,400,car,150,80,277,177,394,281,3,0.36933333333333335,0.4425,0.5253333333333333,0.7025,55,35,78,56,0.36666666666666664,0.4375,0.52,0.7
s49.jpg,s49_reSized.jpg,640,423,car,150,99,343,248,428,325,3,0.5359375,0.5862884160756501,0.66875,0.7683215130023641,80,58,100,76,0.5333333333333333,0.5858585858585859,0.6666666666666666,0.7676767676767676
s21.jpg,s21_reSized.jpg,1280,720,car,150,84,1,235,295,474,3,0.00078125,0.3263888888888889,0.23046875,0.6583333333333333,0,27,34,55,0.0,0.32142857142857145,0.22666666666666666,0.6547619047619048
s21.jpg,s21_reSized.jpg,1280,720,car,150,84,628,277,698,348,3,0.490625,0.38472222222222224,0.5453125,0.4833333333333333,73,32,81,40,0.4866666666666667,0.38095238095238093,0.54,0.47619047619047616
s21.jpg,s21_reSized.jpg,1280,720,car,150,84,856,298,1006,364,3,0.66875,0.4138888888888889,0.7859375,0.5055555555555555,100,34,117,42,0.6666666666666666,0.40476190476190477,0.78,0.5
